rank,stadium,capacity,region,country,city,images,home_team,location
1,Rungrado 1st of May Stadium,114000,East Asia,North Korea,Pyongyang,https://upload.wikimedia.org/wikipedia/commons/thumb/8/81/Arirang_Mass_Games_12.JPG/250px-Arirang_Mass_Games_12.JPG,"Korea DPR national football team, Korea DPR women's national football team, April 25","[39.0167979, 125.7473609]"
2,Camp Nou,99354,Europe,Spain,"Barcelona, Catalonia",https://upload.wikimedia.org/wikipedia/commons/thumb/0/0e/Camp_Nou_Experience_%28_Ank_Kumar%2C_INFOSYS_Limited_%29_07.jpg/250px-Camp_Nou_Experience_%28_Ank_Kumar%2C_INFOSYS_Limited_%29_07.jpg,FC Barcelona,"[41.3825802, 2.177073]"
3,FNB Stadium,94736,Africa,South Africa,"Johannesburg, Gauteng",https://upload.wikimedia.org/wikipedia/commons/thumb/c/c0/First_game_of_the_2010_FIFA_World_Cup%2C_South_Africa_vs_Mexico.jpg/250px-First_game_of_the_2010_FIFA_World_Cup%2C_South_Africa_vs_Mexico.jpg,"South Africa national football team, Kaizer Chiefs","[-26.205, 28.049722]"
4,New Admin­is­trative Capital Stadium,93940,Africa,Egypt,New Administrative Capital,https://upload.wikimedia.org/wikipedia/commons/thumb/0/0a/No-image-available.png/480px-No-image-available.png,Egypt national football team,"[30.023829, 31.7549459]"
5,Wembley Stadium,90000,Europe,England,"London, England",https://upload.wikimedia.org/wikipedia/commons/thumb/b/bb/Post_L2_Play-Off_Final.jpg/250px-Post_L2_Play-Off_Final.jpg,England national football team,"[51.5074456, -0.1277653]"
6,Lusail Stadium,88966,West Asia,Qatar,Lusail,https://upload.wikimedia.org/wikipedia/en/thumb/a/a3/Lusail_Stadium.jpg/250px-Lusail_Stadium.jpg,Qatar national football team,"[25.4228888, 51.5197163]"
7,Estadio Azteca,87523,North America,Mexico,Mexico City,https://upload.wikimedia.org/wikipedia/commons/thumb/c/ca/Panor%C3%A1mica_esquina_noreste.jpg/250px-Panor%C3%A1mica_esquina_noreste.jpg,"Club América, Mexico national football team","[19.3207722, -99.1514678]"
8,Bukit Jalil National Stadium,87411,Southeast Asia,Malaysia,Kuala Lumpur,https://upload.wikimedia.org/wikipedia/commons/thumb/a/a1/National_Stadium_Bukit_Jalil_2018_AFF_Suzuki_Cup_final.png/250px-National_Stadium_Bukit_Jalil_2018_AFF_Suzuki_Cup_final.png,Malaysia national football team,"[3.1526589, 101.7022205]"
9,Borg El-Arab Stadium,86000,Africa,Egypt,Alexandria,https://upload.wikimedia.org/wikipedia/commons/thumb/1/1a/Borg_el_arab_stadium.jpg/250px-Borg_el_arab_stadium.jpg,"Egypt national football team, Al Ittihad, Smouha","[31.1991806, 29.8951716]"
10,Estadio Mâs Monumental,85018,South America,Argentina,Buenos Aires,https://upload.wikimedia.org/wikipedia/commons/thumb/c/c8/Estadio_Monumental.jpg/250px-Estadio_Monumental.jpg,"Argentina national football team, River Plate","[-34.6095579, -58.3887904]"
11,Salt Lake Stadium,85000,South Asia,India,Kolkata,https://upload.wikimedia.org/wikipedia/commons/thumb/5/5f/Salt_Lake_Stadium_during_FIFA_U17_World_Cup_2017_....jpg/250px-Salt_Lake_Stadium_during_FIFA_U17_World_Cup_2017_....jpg,"India national football team, Mohun Bagan Super Giant, East Bengal FC, Mohammedan SC","[22.5726459, 88.3638953]"
12,Stadium Australia,83500,Oceania,Australia,"Sydney, New South Wales",https://upload.wikimedia.org/wikipedia/commons/thumb/f/f7/State_of_Origin_Game_II_2018.jpg/250px-State_of_Origin_Game_II_2018.jpg,"South Sydney Rabbitohs, Canterbury-Bankstown Bulldogs, New South Wales Blues, New South Wales Waratahs, Australia men's national soccer team, Australia national rugby union team","[-33.8698439, 151.2082848]"
13,Estadio Santiago Bernabéu,83186,Europe,Spain,Madrid,https://upload.wikimedia.org/wikipedia/commons/thumb/0/0e/Estadio_Santiago_Bernab%C3%A9u_Madrid.jpg/250px-Estadio_Santiago_Bernab%C3%A9u_Madrid.jpg,Real Madrid,"[40.416782, -3.703507]"
14,Croke Park,82300,Europe,Ireland,Dublin,https://upload.wikimedia.org/wikipedia/commons/thumb/9/91/Croke_park_all_ireland.jpg/250px-Croke_park_all_ireland.jpg,"Gaelic Athletic Association, Dublin GAA","[53.3493795, -6.2605593]"
15,Jakarta International Stadium,82000,Southeast Asia,Indonesia,Jakarta,https://upload.wikimedia.org/wikipedia/commons/thumb/b/b2/Jakarta_International_Stadium_interior.jpg/250px-Jakarta_International_Stadium_interior.jpg,"Persija Jakarta, Indonesia national football team","[-6.1754049, 106.827168]"
16,Signal Iduna Park,81365,Europe,Germany,Dortmund,https://upload.wikimedia.org/wikipedia/commons/thumb/3/38/Signal_iduna_park.jpg/250px-Signal_iduna_park.jpg,Borussia Dortmund,"[51.5142273, 7.4652789]"
17,Stade de France,81338,Europe,France,Saint-Denis,https://upload.wikimedia.org/wikipedia/commons/thumb/5/53/StadeFranceNationsLeague2018.jpg/250px-StadeFranceNationsLeague2018.jpg,France national football team,"[48.9383732, 2.3627508]"
18,Grand Sports Arena of the Luzhniki Olympic Complex,81000,Europe,Russia,Moscow,https://upload.wikimedia.org/wikipedia/commons/thumb/3/3c/Luzhniki_Stadium2.jpg/250px-Luzhniki_Stadium2.jpg,,"[55.625578, 37.6063916]"
19,Shah Alam Stadium,80372,Southeast Asia,Malaysia,"Shah Alam, Selangor",https://upload.wikimedia.org/wikipedia/commons/thumb/9/99/Shah_Alam_Stadium_%28inside%29.jpg/250px-Shah_Alam_Stadium_%28inside%29.jpg,Selangor FA,"[3.0739429, 101.5185278]"
20,Estadio Monumental,80093,South America,Peru,Lima,https://upload.wikimedia.org/wikipedia/commons/thumb/f/fa/Estadio_Monumental_U_vs_SF.jpg/250px-Estadio_Monumental_U_vs_SF.jpg,Club Universitario de Deportes,"[-12.0459808, -77.0305912]"
21,Stadio Giuseppe Meazza,80018,Europe,Italy,"Milan, Lombardy",https://upload.wikimedia.org/wikipedia/commons/thumb/a/a3/Stadio_Giuseppe_Meazza%2C_San_Siro%2C_Milan_%283326869632%29.jpg/250px-Stadio_Giuseppe_Meazza%2C_San_Siro%2C_Milan_%283326869632%29.jpg,AC Milan and Internazionale,"[45.4641943, 9.1896346]"
22,Guangdong Olympic Stadium,80012,East Asia,China,"Guangzhou, Guangdong",https://upload.wikimedia.org/wikipedia/commons/thumb/f/f7/Stade_Olympique_Guangdong.JPG/250px-Stade_Olympique_Guangdong.JPG,,"[23.1301964, 113.2592945]"
23,Hangzhou Olympic Sports Expo Centre Stadium,80000,East Asia,China,"Hangzhou, Zhejiang",https://upload.wikimedia.org/wikipedia/commons/thumb/4/4c/Hangzhou_Olympic_Sports_Center_Stadium2021.jpg/250px-Hangzhou_Olympic_Sports_Center_Stadium2021.jpg,,"[30.2489634, 120.2052342]"
24,Stade des Martyrs,80000,Africa,DR Congo,Kinshasa,https://upload.wikimedia.org/wikipedia/commons/thumb/3/3b/Stade_des_Martyrs_de_la_Pentec%C3%B4te.jpg/250px-Stade_des_Martyrs_de_la_Pentec%C3%B4te.jpg,Congo DR national football team,"[-4.3196982, 15.3424196]"
25,Beijing National Stadium,80000,East Asia,China,Beijing,https://upload.wikimedia.org/wikipedia/commons/thumb/5/51/Beijing_National_Stadium_2014_2.jpg/250px-Beijing_National_Stadium_2014_2.jpg,,"[40.190632, 116.412144]"
26,Maracanã,78838,South America,Brazil,"Rio de Janeiro, Rio de Janeiro",https://upload.wikimedia.org/wikipedia/commons/thumb/f/fe/Bosnia_players_at_Maracan%C3%A3_15_June_2014.jpg/250px-Bosnia_players_at_Maracan%C3%A3_15_June_2014.jpg,"CR Flamengo, Fluminense FC, Botafogo FR, CR Vasco da Gama","[-22.9110137, -43.2093727]"
27,Azadi Stadium,78116,West Asia,Iran,Tehran,https://upload.wikimedia.org/wikipedia/commons/thumb/7/78/Azadi_Stadium_%287%29.jpg/250px-Azadi_Stadium_%287%29.jpg,"Iran national football team, Esteghlal FC, Persepolis FC","[35.6892523, 51.3896004]"
28,Stadion Utama Gelora Bung Karno,77193,Southeast Asia,Indonesia,Jakarta,https://upload.wikimedia.org/wikipedia/commons/thumb/2/29/Gbk_persija_arema_20190803.jpg/250px-Gbk_persija_arema_20190803.jpg,"Indonesia national football team,","[-6.1754049, 106.827168]"
29,Atatürk Olimpiyat Stadyumu,76092,Europe,Turkey,Istanbul,https://upload.wikimedia.org/wikipedia/commons/thumb/6/68/Istanbul_Atat%C3%BCrk_Olympic_Stadium_2.jpg/250px-Istanbul_Atat%C3%BCrk_Olympic_Stadium_2.jpg,,"[41.006381, 28.9758715]"
30,Old Trafford,76000,Europe,England,"Manchester, North West England",https://upload.wikimedia.org/wikipedia/commons/thumb/b/bd/Manchester_United_old_trafford_Ank_Kumar_01.jpg/250px-Manchester_United_old_trafford_Ank_Kumar_01.jpg,Manchester United,
31,Allianz Arena,75024,Europe,Germany,Munich,https://upload.wikimedia.org/wikipedia/commons/thumb/d/dc/Allianz_Arena_%28Bayern_Munich%29.jpg/250px-Allianz_Arena_%28Bayern_Munich%29.jpg,FC Bayern Munich,"[48.1371079, 11.5753822]"
32,Naghsh-e-Jahan Stadium,75000,West Asia,Iran,Isfahan,https://upload.wikimedia.org/wikipedia/commons/thumb/4/4f/Naghsh_Jahan_Stadium.jpg/250px-Naghsh_Jahan_Stadium.jpg,Sepahan FC,"[32.6707877, 51.6650002]"
33,Principality Stadium,74500,Europe,Wales,Cardiff,https://upload.wikimedia.org/wikipedia/commons/thumb/e/e6/Millennium_Stadium_-_Glanmor%E2%80%99s_Gap.jpg/250px-Millennium_Stadium_-_Glanmor%E2%80%99s_Gap.jpg,Wales national rugby union team,"[51.4816546, -3.1791934]"
34,Olympia­stadion,74475,Europe,Germany,Berlin,https://upload.wikimedia.org/wikipedia/commons/thumb/5/52/Berlin_Olympiastadion_nach_Umbau.jpg/250px-Berlin_Olympiastadion_nach_Umbau.jpg,Hertha BSC,"[52.5173885, 13.3951309]"
35,Cairo International Stadium,74100,Africa,Egypt,Cairo,https://upload.wikimedia.org/wikipedia/commons/thumb/b/bc/Cairo_Stadium_Afcon_u23_2019.jpg/250px-Cairo_Stadium_Afcon_u23_2019.jpg,"Egypt national football team, Al Ahly, Zamalek","[30.0443879, 31.2357257]"
36,Estádio Nacional Mané Garrincha,72788,South America,Brazil,"Brasília, Distrito Federal",https://upload.wikimedia.org/wikipedia/commons/thumb/d/da/Est%C3%A1dio_Nacional_Bras%C3%ADlia.jpg/250px-Est%C3%A1dio_Nacional_Bras%C3%ADlia.jpg,"Brasília FC, Legião FC","[-15.7939869, -47.8828]"
37,Stadio Olimpico,72698,Europe,Italy,"Rome, Lazio",https://upload.wikimedia.org/wikipedia/commons/thumb/6/64/The_Stadio_Olimpico_during_a_match_between_AS_Roma_and_Sampdoria.jpg/250px-The_Stadio_Olimpico_during_a_match_between_AS_Roma_and_Sampdoria.jpg,"AS Roma, Lazio","[41.8933203, 12.4829321]"
38,Nissan Stadium,72327,East Asia,Japan,"Yokohama, Kanagawa",https://upload.wikimedia.org/wikipedia/commons/thumb/9/91/International_Stadium_Yokohama-1.jpg/250px-International_Stadium_Yokohama-1.jpg,"Yokohama F. Marinos, Yokohama Eagles","[35.4503381, 139.6343802]"
39,Shanghai Stadium,72000,East Asia,China,Shanghai,https://upload.wikimedia.org/wikipedia/commons/thumb/d/de/Shanghai_Stadium_2008.JPG/250px-Shanghai_Stadium_2008.JPG,Shanghai Shenhua,"[31.2312707, 121.4700152]"
40,Mercedes-Benz Stadium,71000,North America,United States,"Atlanta, Georgia",https://upload.wikimedia.org/wikipedia/commons/thumb/f/f2/Mercedes_Benz_Stadium_interior_2017-08-25_1.jpg/250px-Mercedes_Benz_Stadium_interior_2017-08-25_1.jpg,"Atlanta United FC, Atlanta Falcons","[33.7544657, -84.3898151]"
41,Riyadh Air Metropolitano,70692,Europe,Spain,Madrid,https://upload.wikimedia.org/wikipedia/commons/thumb/0/05/Wanda-Metropolitano.jpg/250px-Wanda-Metropolitano.jpg,Atlético de Madrid,"[40.416782, -3.703507]"
42,Olympic National Sports Complex Stadium,70050,Europe,Ukraine,Kyiv,https://upload.wikimedia.org/wikipedia/commons/thumb/0/0d/Kyiv_NSC_Olimpiyskyi_5.jpg/250px-Kyiv_NSC_Olimpiyskyi_5.jpg,"Ukraine national football team, FC Dynamo Kyiv","[50.4500336, 30.5241361]"
43,Nou Mestalla,70044,Europe,Spain,Valencia,https://upload.wikimedia.org/wikipedia/commons/thumb/3/34/Nou_Mestalla_2013.jpg/250px-Nou_Mestalla_2013.jpg,Valencia CF,"[39.4697065, -0.3763353]"
44,Estadio La Cartuja de Sevilla,70000,Europe,Spain,Seville,https://upload.wikimedia.org/wikipedia/commons/thumb/7/7b/Panoramio_-_V%26A_Dudush_-_Estadio_Ol%C3%ADmpico_57_619.jpg/250px-Panoramio_-_V%26A_Dudush_-_Estadio_Ol%C3%ADmpico_57_619.jpg,,"[37.3886303, -5.9953403]"
45,Seoul Olympic Stadium,69950,East Asia,South Korea,Seoul,https://upload.wikimedia.org/wikipedia/commons/thumb/e/e5/%E8%9A%95%E5%AE%A4_03.jpg/250px-%E8%9A%95%E5%AE%A4_03.jpg,,"[37.5666791, 126.9782914]"
46,Bakı Olimpiya stadionu,69870,West Asia,Azerbaijan,Baku,https://upload.wikimedia.org/wikipedia/en/thumb/0/0d/Baku_National_Stadium.jpg/250px-Baku_National_Stadium.jpg,Azerbaijan national football team,"[40.3755885, 49.8328009]"
47,Olympic Stadium,69618,Europe,Greece,"Marousi, Attica",https://upload.wikimedia.org/wikipedia/en/thumb/d/d6/Olympic_Stadium_at_Athens_before_a_home_game_of_Panathinaikos_on_February_2%2C_2013.jpg/250px-Olympic_Stadium_at_Athens_before_a_home_game_of_Panathinaikos_on_February_2%2C_2013.jpg,Greece national football team,"[38.0562402, 23.804941]"
48,Prince Moulay Abdellah Stadium,68700,Africa,Morocco,Rabat,https://upload.wikimedia.org/wikipedia/commons/thumb/0/09/Moulay_Abdellah_Stadium.jpg/250px-Moulay_Abdellah_Stadium.jpg,"Morocco national team, AS FAR","[34.0218454, -6.8408929]"
49,Olympia­stadion München,69250,Europe,Germany,Munich,https://upload.wikimedia.org/wikipedia/commons/thumb/3/35/M%C3%BCnchener_Olympiastadion.jpg/250px-M%C3%BCnchener_Olympiastadion.jpg,,"[48.1371079, 11.5753822]"
50,Lumen Field,69000,North America,United States,"Seattle, Washington",https://upload.wikimedia.org/wikipedia/commons/thumb/5/53/Qwest_Field_North.jpg/250px-Qwest_Field_North.jpg,"Seattle Sounders FC, Seattle Seahawks","[47.6038321, -122.330062]"
51,Estadio Olímpico Universitario,68954,North America,Mexico,Mexico City,https://upload.wikimedia.org/wikipedia/commons/thumb/f/f2/Estadio_Pumas.jpg/250px-Estadio_Pumas.jpg,UNAM Pumas,"[19.3207722, -99.1514678]"
52,Gillette Stadium,68756,North America,United States,"Foxborough, Massachusetts",https://upload.wikimedia.org/wikipedia/commons/thumb/8/8c/Stadiumguillete_%28cropped%29.jpg/250px-Stadiumguillete_%28cropped%29.jpg,"New England Patriots, New England Revolution","[42.0653768, -71.2478308]"
53,King Abdullah Sports City Stadium,68560,West Asia,Saudi Arabia,Jeddah,https://upload.wikimedia.org/wikipedia/commons/thumb/6/68/Jawhara_Stadium.jpg/250px-Jawhara_Stadium.jpg,"Saudi Arabia national football team, Al-Ahli Saudi FC, Al-Ittihad Saudi Club","[21.5504432, 39.1742363]"
54,Acrisure Stadium,68400,North America,United States,Pittsburgh,https://upload.wikimedia.org/wikipedia/commons/thumb/2/23/Heinz_Field_NHL_Winter_Classic.jpg/250px-Heinz_Field_NHL_Winter_Classic.jpg,"Pittsburgh Steelers, Pittsburgh Panthers football","[40.4406968, -80.0025666]"
55,Gazprom Arena,68134,Europe,Russia,Saint Petersburg,https://upload.wikimedia.org/wikipedia/commons/thumb/1/1c/Fina-l2017.jpg/250px-Fina-l2017.jpg,FC Zenit Saint Petersburg,"[59.9606739, 30.1586551]"
56,Estádio do Sport Lisboa e Benfica,68100,Europe,Portugal,Lisbon,https://upload.wikimedia.org/wikipedia/commons/thumb/1/1b/LuzLissabon.jpg/250px-LuzLissabon.jpg,Benfica,"[38.7077507, -9.1365919]"
57,National Stadium,68000,East Asia,Japan,Tokyo,https://upload.wikimedia.org/wikipedia/commons/thumb/7/7c/Drones_durante_a_abertura_das_Olimp%C3%ADadas_de_T%C3%B3quio.jpg/250px-Drones_durante_a_abertura_das_Olimp%C3%ADadas_de_T%C3%B3quio.jpg,,"[35.6768601, 139.7638947]"
58,Orange Vélodrome,67394,Europe,France,Marseille,https://upload.wikimedia.org/wikipedia/commons/thumb/8/85/Stade_V%C3%A9lodrome_1.jpg/250px-Stade_V%C3%A9lodrome_1.jpg,Olympique de Marseille,"[43.2961743, 5.3699525]"
59,Puskás Aréna,67215,Europe,Hungary,Budapest,https://upload.wikimedia.org/wikipedia/commons/thumb/3/3a/Pusk%C3%A1s_Ar%C3%A9na_01.jpg/250px-Pusk%C3%A1s_Ar%C3%A9na_01.jpg,Hungary national football team,"[47.4978789, 19.0402383]"
60,Scottish Gas Murrayfield Stadium,67144,Europe,Scotland,Edinburgh,https://upload.wikimedia.org/wikipedia/commons/thumb/a/a1/Murrayfield_Stadium_-_geograph.org.uk_-_1246737.jpg/250px-Murrayfield_Stadium_-_geograph.org.uk_-_1246737.jpg,Scotland national rugby union team,"[55.9533456, -3.1883749]"
61,Stade Mohammed V,67000,Africa,Morocco,Casablanca,https://upload.wikimedia.org/wikipedia/commons/thumb/7/70/Stade_Mohamed_V%2C_Casablanca.jpg/250px-Stade_Mohamed_V%2C_Casablanca.jpg,"Wydad, Raja, Morocco national team","[33.5945144, -7.6200284]"
62,MorumBIS,66975,South America,Brazil,"São Paulo, São Paulo",https://upload.wikimedia.org/wikipedia/commons/thumb/1/13/Estadio_Morumbi_2014.jpg/250px-Estadio_Morumbi_2014.jpg,São Paulo FC,"[-23.5506507, -46.6333824]"
63,Yadegar-e-Emam Stadium,66833,West Asia,Iran,Tabriz,https://upload.wikimedia.org/wikipedia/commons/thumb/1/12/Yadegar_Emam_stadium_at_night_-_panoramio.jpg/250px-Yadegar_Emam_stadium_at_night_-_panoramio.jpg,Tractor S.C.,"[38.0738612, 46.2978789]"
64,Seoul World Cup Stadium,66704,East Asia,South Korea,Seoul,https://upload.wikimedia.org/wikipedia/commons/thumb/b/b8/AFC_Champions_League_Final_1st_leg.jpg/250px-AFC_Champions_League_Final_1st_leg.jpg,FC Seoul,"[37.5666791, 126.9782914]"
65,Daegu Stadium,66422,East Asia,South Korea,Daegu,https://upload.wikimedia.org/wikipedia/commons/thumb/d/da/Daegu.Stadium.original.2167.jpg/250px-Daegu.Stadium.original.2167.jpg,Daegu FC,"[35.8713, 128.6018]"
66,Workers' Stadium,66161,East Asia,China,Beijing,https://upload.wikimedia.org/wikipedia/commons/thumb/5/58/New_Workers%27_Stadium_under_construction_%2820221025141129%29.jpg/250px-New_Workers%27_Stadium_under_construction_%2820221025141129%29.jpg,"Beijing Guoan, China national football team","[40.190632, 116.412144]"
67,London Stadium,66000,Europe,England,London,https://upload.wikimedia.org/wikipedia/commons/thumb/b/b1/London_Stadium_panorama_picture.jpg/250px-London_Stadium_panorama_picture.jpg,West Ham United,"[51.5074456, -0.1277653]"
68,Olympic Stadium,65255,North America,Canada,"Montreal, Quebec",https://upload.wikimedia.org/wikipedia/commons/thumb/f/fc/Montreal_Impact_CONCACAF_FINAL.jpg/250px-Montreal_Impact_CONCACAF_FINAL.jpg,CF Montréal,"[45.5031824, -73.5698065]"
69,Basra International Stadium,65227,West Asia,Iraq,Basra,https://upload.wikimedia.org/wikipedia/commons/thumb/6/62/Basra_International_Stadium_Opening_2.JPG/250px-Basra_International_Stadium_Opening_2.JPG,Iraq national football team,"[30.4952371, 47.8090981]"
70,Stade Ibn Battuta,65000,Africa,Morocco,Tangier,https://upload.wikimedia.org/wikipedia/commons/thumb/9/93/Stade_Ibn_Batuta%2C_Tanger.jpg/250px-Stade_Ibn_Batuta%2C_Tanger.jpg,"IR Tanger, Morocco national team","[35.7696302, -5.8033522]"
71,Stade du 5 Juillet,64200,Africa,Algeria,Algiers,https://upload.wikimedia.org/wikipedia/commons/thumb/a/a0/Stade_5_Juillet_1962.jpg/250px-Stade_5_Juillet_1962.jpg,Algeria national football team,"[36.7729333, 3.0588445]"
72,Castelão,63903,South America,Brazil,"Fortaleza, Ceará",https://upload.wikimedia.org/wikipedia/commons/thumb/e/ec/Castel%C3%A3o_Arena_%285%29.jpg/250px-Castel%C3%A3o_Arena_%285%29.jpg,"Ceará SC, Fortaleza EC","[-3.7304512, -38.5217989]"
73,Saitama Stadium 2002,63700,East Asia,Japan,Saitama,https://upload.wikimedia.org/wikipedia/commons/thumb/6/60/Saitama_Stadium_Panorama.jpg/250px-Saitama_Stadium_Panorama.jpg,"Urawa Red Diamonds, Saitama Wild Knights","[35.9754168, 139.4160114]"
74,Ellis Park Stadium,62567,Africa,South Africa,"Johannesburg, Gauteng",https://upload.wikimedia.org/wikipedia/commons/thumb/b/bc/Warm-ups_at_Brazil_%26_North_Korea_match_at_FIFA_World_Cup_2010-06-15_1.jpg/250px-Warm-ups_at_Brazil_%26_North_Korea_match_at_FIFA_World_Cup_2010-06-15_1.jpg,"Orlando Pirates FC, Emirates Johannesburg Lions","[-26.205, 28.049722]"
75,Tottenham Hotspur Stadium,62303,Europe,England,London,https://upload.wikimedia.org/wikipedia/commons/thumb/8/8c/Spurs_stadium_January_2020.jpg/250px-Spurs_stadium_January_2020.jpg,Tottenham Hotspur,"[51.5074456, -0.1277653]"
76,VELTINS-Arena,62271,Europe,Germany,Gelsenkirchen,https://upload.wikimedia.org/wikipedia/commons/thumb/d/d2/080110_schalke_arena_germany.JPG/250px-080110_schalke_arena_germany.JPG,FC Schalke 04,"[51.5110321, 7.0960124]"
77,Yizhong Sports Centre Stadium,62000,East Asia,China,"Qingdao, Shandong",https://upload.wikimedia.org/wikipedia/commons/thumb/7/77/Qingdao_Guoxin_Stadium.jpg/250px-Qingdao_Guoxin_Stadium.jpg,Qingdao Jonoon FC,"[36.0663249, 120.3777659]"
78,Estádio Governador Magalhães Pinto,61846,South America,Brazil,"Belo Horizonte, Minas Gerais",https://upload.wikimedia.org/wikipedia/commons/thumb/6/69/Stadion_Belo_Horizonte_Halbfinale_WM_2014_%2822117986076%29.jpg/250px-Stadion_Belo_Horizonte_Halbfinale_WM_2014_%2822117986076%29.jpg,"Atlético Mineiro, Cruzeiro EC","[-19.9227318, -43.9450948]"
79,King Fahd International Stadium,61781,West Asia,Saudi Arabia,Riyadh,https://upload.wikimedia.org/wikipedia/commons/thumb/2/2b/%E3%82%AD%E3%83%B3%E3%82%B0%E3%83%95%E3%82%A1%E3%83%8F%E3%83%89%E5%9B%BD%E9%9A%9B%E3%82%B9%E3%82%BF%E3%82%B8%E3%82%A2%E3%83%A0.jpg/250px-%E3%82%AD%E3%83%B3%E3%82%B0%E3%83%95%E3%82%A1%E3%83%8F%E3%83%89%E5%9B%BD%E9%9A%9B%E3%82%B9%E3%82%BF%E3%82%B8%E3%82%A2%E3%83%A0.jpg,"Saudi Arabia national football team, Al-Hilal, Al-Nassr, Al-Shabab","[23.333333, 45.333333]"
80,Nanjing Olympic Sports Centre Stadium,61443,East Asia,China,"Nanjing, Jiangsu",https://upload.wikimedia.org/wikipedia/commons/thumb/b/b5/Nanjing_Olympic_Sports_Center_inner_view_%282016%29.jpg/250px-Nanjing_Olympic_Sports_Center_inner_view_%282016%29.jpg,,"[32.0438284, 118.7788631]"
81,Anfield,61276,Europe,England,"Liverpool, England",https://upload.wikimedia.org/wikipedia/commons/thumb/0/02/Panorama_of_Anfield_with_new_main_stand_%2829676137824%29.jpg/250px-Panorama_of_Anfield_with_new_main_stand_%2829676137824%29.jpg,Liverpool FC,"[53.4071991, -2.99168]"
82,Estadio Benito Villamarín,60720,Europe,Spain,Seville,https://upload.wikimedia.org/wikipedia/commons/thumb/6/6d/Estadio_Benito_Villamar%C3%ADn_2018001.jpg/250px-Estadio_Benito_Villamar%C3%ADn_2018001.jpg,Real Betis,"[37.3886303, -5.9953403]"
83,Abuja Stadium,60491,Africa,Nigeria,Abuja,https://upload.wikimedia.org/wikipedia/commons/thumb/d/d2/Football_heaven.jpg/250px-Football_heaven.jpg,Nigeria national football team,"[9.0643305, 7.4892974]"
84,MHPArena,60469,Europe,Germany,Stuttgart,https://upload.wikimedia.org/wikipedia/commons/thumb/5/53/Neckarstadion_2011.jpg/250px-Neckarstadion_2011.jpg,VfB Stuttgart,"[48.7784485, 9.1800132]"
85,Celtic Park,60411,Europe,Scotland,Glasgow,https://upload.wikimedia.org/wikipedia/commons/thumb/c/ce/Celtic_park_2.jpg/250px-Celtic_park_2.jpg,Celtic FC,"[55.861155, -4.2501687]"
86,Estadio de la UNSA,60370,South America,Peru,Arequipa,https://upload.wikimedia.org/wikipedia/commons/thumb/e/ef/OutsideUNSA.jpg/250px-OutsideUNSA.jpg,FBC Melgar,"[-16.3988667, -71.5369607]"
87,Emirates Stadium,60338,Europe,England,London,https://upload.wikimedia.org/wikipedia/commons/thumb/d/d1/Emirates_Stadium_-_East_stand_Club_Level.jpg/250px-Emirates_Stadium_-_East_stand_Club_Level.jpg,Arsenal,"[51.5074456, -0.1277653]"
88,Shenzhen Universiade Sports Centre Stadium,60334,East Asia,China,"Shenzhen, Guangdong",https://upload.wikimedia.org/wikipedia/commons/thumb/1/11/%E6%B7%B1%E5%9C%B3%E9%BE%99%E5%B2%97%E5%A4%A7%E8%BF%90%E4%B8%AD%E5%BF%83%E4%BD%93%E8%82%B2%E9%A6%86%E5%86%85%E9%83%A8.jpg/250px-%E6%B7%B1%E5%9C%B3%E9%BE%99%E5%B2%97%E5%A4%A7%E8%BF%90%E4%B8%AD%E5%BF%83%E4%BD%93%E8%82%B2%E9%A6%86%E5%86%85%E9%83%A8.jpg,,"[22.5445741, 114.0545429]"
89,Estadio Centenario,60235,South America,Uruguay,Montevideo,https://upload.wikimedia.org/wikipedia/commons/thumb/9/98/Estadio_Centenario_2021.jpg/250px-Estadio_Centenario_2021.jpg,Uruguay national football team,"[-34.9058916, -56.1913095]"
90,Estádio José do Rego Maciel,60044,South America,Brazil,"Recife, Pernambuco",https://upload.wikimedia.org/wikipedia/commons/thumb/1/1b/Arruda_em_novembro_de_2013.JPG/250px-Arruda_em_novembro_de_2013.JPG,Santa Cruz FC,"[-8.0584933, -34.8848193]"
91,Stade Léopold Sédar Senghor,60000,Africa,Senegal,Dakar,https://upload.wikimedia.org/wikipedia/commons/thumb/8/8f/Senegal_1_-_Cameroon_0_-_Stade_L%C3%A9opold_S%C3%A9dar_Senghor.jpg/250px-Senegal_1_-_Cameroon_0_-_Stade_L%C3%A9opold_S%C3%A9dar_Senghor.jpg,"Senegal national football team, ASC Jeanne d'Arc","[14.693425, -17.447938]"
92,Al-Bayt Stadium,60000,West Asia,Qatar,Al-Khor,https://upload.wikimedia.org/wikipedia/en/thumb/7/71/Al_Bayt_Stadium_architecture.jpg/250px-Al_Bayt_Stadium_architecture.jpg,,"[25.6837333, 51.5031212]"
93,Benjamin Mkapa National Stadium,60000,Africa,Tanzania,Dar es-Salaam,https://upload.wikimedia.org/wikipedia/commons/thumb/e/ef/Tanzania_National_Main_Stadium_Aerial.jpg/250px-Tanzania_National_Main_Stadium_Aerial.jpg,"Tanzania national football team, Young Africans","[-6.8160837, 39.2803583]"
94,Hefei Olympic Sports Centre Stadium,60000,East Asia,China,"Hefei, Anhui",https://upload.wikimedia.org/wikipedia/commons/thumb/8/8e/Hefei_Olympic_Sports_Center_Stadium.jpg/250px-Hefei_Olympic_Sports_Center_Stadium.jpg,Anhui Jiufang,"[31.8665676, 117.281428]"
95,Jaber al-Ahmad International Stadium,60000,West Asia,Kuwait,Kuwait City,https://upload.wikimedia.org/wikipedia/en/thumb/1/18/Jaber_Al-Ahmad_International_Stadium_2019_local.png/250px-Jaber_Al-Ahmad_International_Stadium_2019_local.png,Kuwait national football team,"[29.3796532, 47.9734174]"
96,Hammadi Agrebi Stadium,60000,Africa,Tunisia,Tunis,https://upload.wikimedia.org/wikipedia/commons/thumb/0/02/Mozambique-Tunisia_match_2009.jpg/250px-Mozambique-Tunisia_match_2009.jpg,Tunisia national football team,"[33.8439408, 9.400138]"
97,Jawaharlal Nehru Stadium,60000,South Asia,India,New Delhi,https://upload.wikimedia.org/wikipedia/commons/thumb/a/a0/Jawaharlal_Nehru_Stadium%2C_New_Delhi.png/250px-Jawaharlal_Nehru_Stadium%2C_New_Delhi.png,,"[28.6419258, 77.2217499]"
98,Mogadishu Stadium,60000,Africa,Somalia,Mogadishu,https://upload.wikimedia.org/wikipedia/commons/thumb/e/e0/Mogadishustadium.jpg/250px-Mogadishustadium.jpg,Somalia national football team,"[2.0349312, 45.3419183]"
99,National Heroes Stadium,60000,Africa,Zambia,Lusaka,https://upload.wikimedia.org/wikipedia/commons/thumb/f/fe/Inauguration_of_Edgar_Lungu.jpg/250px-Inauguration_of_Edgar_Lungu.jpg,Zambian national football team,"[-15.4163395, 28.2818414]"
100,Odi Stadium,60000,Africa,South Africa,"Mabopane, Gauteng",https://upload.wikimedia.org/wikipedia/commons/thumb/0/0a/No-image-available.png/480px-No-image-available.png,,"[-25.5080556, 28.0680556]"
101,Morodok Techo National Stadium,60000,Southeast Asia,Cambodia,Phnom Penh,https://upload.wikimedia.org/wikipedia/commons/thumb/0/0a/No-image-available.png/480px-No-image-available.png,Cambodia national football team,"[11.5730391, 104.857807]"
102,Shenyang Olympic Sports Centre Stadium,60000,East Asia,China,"Shenyang, Liaoning",https://upload.wikimedia.org/wikipedia/commons/thumb/5/52/Shenyang_Olympic_Sports_Center_Stadium_drone_view_1.jpg/250px-Shenyang_Olympic_Sports_Center_Stadium_drone_view_1.jpg,,"[41.8026095, 123.4279105]"
103,Optus Stadium,60000,Oceania,Australia,"Perth, Western Australia",https://upload.wikimedia.org/wikipedia/commons/thumb/c/cb/Perth_Stadium_opening_210118_gnangarra-10.jpg/250px-Perth_Stadium_opening_210118_gnangarra-10.jpg,"Perth Glory FC, Fremantle Dockers, West Coast Eagles","[-31.9558967, 115.8605784]"
104,National Sports Stadium,60000,Africa,Zimbabwe,Harare,https://upload.wikimedia.org/wikipedia/commons/thumb/a/a6/2003_Harare_Stadium%2C_Zimbabwe_557109164.jpg/250px-2003_Harare_Stadium%2C_Zimbabwe_557109164.jpg,Zimbabwe national football team,"[-17.8567035, 31.0601584]"
105,Estadio Monumental Isidro Romero Carbo,59283,South America,Ecuador,Guayaquil,https://upload.wikimedia.org/wikipedia/commons/thumb/3/30/Estadio_Monumental_de_Barcelona.jpg/250px-Estadio_Monumental_de_Barcelona.jpg,Barcelona Sporting Club,"[-2.2895167, -80.0983887]"
106,Groupama Stadium,59186,Europe,France,Décines-Charpieu,https://upload.wikimedia.org/wikipedia/commons/thumb/c/c4/Stade_Lumi%C3%A8re.jpg/250px-Stade_Lumi%C3%A8re.jpg,Olympique Lyonnais,"[45.773606, 4.9633314]"
107,Chongqing Olympic Sports Centre Stadium,58680,East Asia,China,Chongqing,https://upload.wikimedia.org/wikipedia/commons/thumb/e/e1/Chongqing_Olympic_Stadium.jpg/250px-Chongqing_Olympic_Stadium.jpg,,"[30.05518, 107.8748712]"
108,Kazimierz Górski National Stadium,58580,Europe,Poland,Warsaw,https://upload.wikimedia.org/wikipedia/commons/thumb/7/76/National_Stadium_panorama.jpg/250px-National_Stadium_panorama.jpg,Poland national football team,"[52.2333742, 21.0711489]"
109,Stadio San Nicola,58270,Europe,Italy,"Bari, Apulia",https://upload.wikimedia.org/wikipedia/commons/thumb/1/14/Stadiosannicola2023.jpg/250px-Stadiosannicola2023.jpg,SSC Bari,"[41.1257843, 16.8620293]"
110,Deutsche Bank Park,58000,Europe,Germany,Frankfurt,https://upload.wikimedia.org/wikipedia/commons/thumb/f/f4/Commerzbank-Arena_%28Haupttrib%C3%BCne%29.JPG/250px-Commerzbank-Arena_%28Haupttrib%C3%BCne%29.JPG,Eintracht Frankfurt,"[50.1106444, 8.6820917]"
111,La Bombonera,57200,South America,Argentina,Buenos Aires,https://upload.wikimedia.org/wikipedia/commons/thumb/9/99/La_Bombonera.jpg/250px-La_Bombonera.jpg,CA Boca Juniors,"[-34.6095579, -58.3887904]"
112,Volkspark­stadion,57030,Europe,Germany,Hamburg,https://upload.wikimedia.org/wikipedia/commons/thumb/7/79/Volksparkstadion_Panorama.jpg/250px-Volksparkstadion_Panorama.jpg,Hamburger SV,"[53.550341, 10.000654]"
113,Estadio Mario Alberto Kempes,57000,South America,Argentina,Córdoba,https://upload.wikimedia.org/wikipedia/commons/thumb/d/d9/Estadio_Kempes_luego_de_finalizar_un_partido.jpg/250px-Estadio_Kempes_luego_de_finalizar_un_partido.jpg,"Talleres de Córdoba, some Belgrano de Córdoba matches.","[-31.4166867, -64.1834193]"
114,Jinan Olympic Sports Centre Stadium,56808,East Asia,China,"Jinan, Shandong",https://upload.wikimedia.org/wikipedia/commons/thumb/1/1f/JinanOlympic.JPG/250px-JinanOlympic.JPG,Shandong Taishan,"[36.6519754, 117.1138479]"
115,Estadio Jalisco,56713,North America,Mexico,"Guadalajara, Jalisco",https://upload.wikimedia.org/wikipedia/commons/thumb/8/82/Estadio_Jalisco_06022022.jpg/250px-Estadio_Jalisco_06022022.jpg,Atlas,"[20.6720375, -103.338396]"
116,Common­wealth Stadium,56302,North America,Canada,"Edmonton, Alberta",https://upload.wikimedia.org/wikipedia/commons/thumb/f/f3/Commonwealth_Stadium.jpg/250px-Commonwealth_Stadium.jpg,"Edmonton Elks, Canadian men's and women's national teams","[53.5462055, -113.491241]"
117,19 May 1956 Stadium,56000,Africa,Algeria,Annaba,https://upload.wikimedia.org/wikipedia/commons/thumb/8/88/Annaba_Stadium.jpg/250px-Annaba_Stadium.jpg,USM Annaba,"[36.8982165, 7.7549272]"
118,Estadi Olímpic Lluís Companys,55926,Europe,Spain,"Barcelona, Catalonia",https://upload.wikimedia.org/wikipedia/commons/thumb/f/ff/Estadi_Ol%C3%ADmpic_Llu%C3%ADs_Companys_-_Barcelona%2C_Spain_-_Jan_2007.jpg/250px-Estadi_Ol%C3%ADmpic_Llu%C3%ADs_Companys_-_Barcelona%2C_Spain_-_Jan_2007.jpg,,"[41.3825802, 2.177073]"
119,El Cilindro,55880,South America,Argentina,Avellaneda,https://upload.wikimedia.org/wikipedia/commons/thumb/8/8e/Racing_Club_vs._Corinthians_-_CONMEBOL_Sudamericana_2024.jpg/250px-Racing_Club_vs._Corinthians_-_CONMEBOL_Sudamericana_2024.jpg,Racing,"[-34.6648394, -58.3628061]"
120,Arena do Grêmio,55662,South America,Brazil,"Porto Alegre, Rio Grande do Sul",https://upload.wikimedia.org/wikipedia/commons/thumb/a/a2/Arena_do_Gr%C3%AAmio.jpg/250px-Arena_do_Gr%C3%AAmio.jpg,Grêmio FBPA,"[-30.0324999, -51.2303767]"
121,Arena Națională,55634,Europe,Romania,Bucharest,https://upload.wikimedia.org/wikipedia/commons/thumb/1/1a/Stadionul_National_-_National_Arena_3.jpg/250px-Stadionul_National_-_National_Arena_3.jpg,Romania national football team,"[44.4361414, 26.102684]"
122,Stadion Rajko Mitić,55538,Europe,Serbia,Belgrade,https://upload.wikimedia.org/wikipedia/commons/thumb/7/70/Zvezda_stadion.jpg/250px-Zvezda_stadion.jpg,"Red Star Belgrade, Serbia national football team","[44.8153318, 20.4456588]"
123,Stadion Śląski,55211,Europe,Poland,Chorzów,https://upload.wikimedia.org/wikipedia/commons/thumb/c/c4/Widok_bramka.jpg/250px-Widok_bramka.jpg,"Poland national football team, Ruch Chorzów","[50.2978791, 18.9544466]"
124,Etihad Stadium,55097,Europe,England,"Manchester, North West England",https://upload.wikimedia.org/wikipedia/commons/thumb/b/b8/Etihad_Stadium.jpg/250px-Etihad_Stadium.jpg,Manchester City,
125,Moi International Sports Centre,55000,Africa,Kenya,Nairobi,https://upload.wikimedia.org/wikipedia/commons/thumb/9/9c/Inside_the_Kasarani_Stadium.jpg/250px-Inside_the_Kasarani_Stadium.jpg,Kenya national football team,"[-1.2890006, 36.8172812]"
126,National Stadium,55000,Southeast Asia,Singapore,Singapore,https://upload.wikimedia.org/wikipedia/commons/thumb/f/f5/SingaporeNationalStadiumJapanBrazilFootball.jpg/250px-SingaporeNationalStadiumJapanBrazilFootball.jpg,Singapore national football team,"[1.357107, 103.8194992]"
127,National Stadium,55000,East Asia,Taiwan,Kaohsiung,https://upload.wikimedia.org/wikipedia/commons/thumb/5/5f/The_Main_Stadium_for_2009_World_Games_panorama.jpg/250px-The_Main_Stadium_for_2009_World_Games_panorama.jpg,Chinese Taipei national football team,"[22.6203348, 120.3120375]"
128,He Long Stadium,55000,East Asia,China,"Changsha, Hunan",https://upload.wikimedia.org/wikipedia/commons/thumb/7/75/Helong_Stadium.jpg/250px-Helong_Stadium.jpg,,"[28.1450774, 113.2384362]"
129,Cape Town Stadium,55000,Africa,South Africa,"Cape Town, Western Cape",https://upload.wikimedia.org/wikipedia/commons/thumb/0/06/Cape_Town_Stadium_Inside.jpg/250px-Cape_Town_Stadium_Inside.jpg,"Cape Town City FC, DHL Western Cape Stormers","[-33.9288301, 18.4172197]"
130,Plovdiv Stadium,55000,Europe,Bulgaria,Plovdiv,https://upload.wikimedia.org/wikipedia/commons/thumb/0/0c/Plovdiv_Stadium.JPG/250px-Plovdiv_Stadium.JPG,,"[42.1418541, 24.7499297]"
131,Bobby Dodd Stadium,55000,North America,United States,Atlanta,https://upload.wikimedia.org/wikipedia/commons/thumb/a/a4/BDS2013.jpg/250px-BDS2013.jpg,Georgia Tech Yellow Jackets football,"[33.7544657, -84.3898151]"
132,Johan Cruijff Arena,54990,Europe,Netherlands,Amsterdam,https://upload.wikimedia.org/wikipedia/commons/thumb/7/73/Ajax_0_Chelsea_1_%2823Oct19%29.jpg/250px-Ajax_0_Chelsea_1_%2823Oct19%29.jpg,AFC Ajax,"[52.3730796, 4.8924534]"
133,Tianhe Stadium,54856,East Asia,China,"Guangzhou, Guangdong",https://upload.wikimedia.org/wikipedia/commons/thumb/1/1f/Tianhe_Stadium.jpg/250px-Tianhe_Stadium.jpg,,"[23.1301964, 113.2592945]"
134,Stadio Diego Armando Maradona,54726,Europe,Italy,Naples,https://upload.wikimedia.org/wikipedia/commons/thumb/f/f0/Braciere_olimpico_XXX_Universiade_Napoli_2019.jpg/250px-Braciere_olimpico_XXX_Universiade_Napoli_2019.jpg,SSC Napoli,"[40.8358846, 14.2487679]"
135,Tianjin Olympic Sports Centre Stadium,54696,East Asia,China,Tianjin,https://upload.wikimedia.org/wikipedia/commons/thumb/7/72/Tianjin_Olympic_Center_Stadium.jpg/250px-Tianjin_Olympic_Center_Stadium.jpg,Tianjin Teda,"[39.0844897, 117.1956724]"
136,MERKUR SPIEL-ARENA,54600,Europe,Germany,Düsseldorf,https://upload.wikimedia.org/wikipedia/commons/thumb/a/a7/LTU_arena_panorama.jpg/250px-LTU_arena_panorama.jpg,Fortuna Düsseldorf,"[51.2254018, 6.7763137]"
137,Boris Paitchadze Dinamo Arena,54549,West Asia,Georgia,Tbilisi,https://upload.wikimedia.org/wikipedia/commons/thumb/3/38/Boris_Paichadze_Dinamo_Arena%2C_Samtredia_-_Qaraba%C4%9F.jpg/250px-Boris_Paichadze_Dinamo_Arena%2C_Samtredia_-_Qaraba%C4%9F.jpg,"Georgia national football team, FC Dinamo Tbilisi","[41.6934591, 44.8014495]"
138,Wuhan Sports Centre Stadium,54357,East Asia,China,"Wuhan, Hubei",https://upload.wikimedia.org/wikipedia/commons/thumb/6/6d/Wuhan_Sport_Centre_01.jpg/250px-Wuhan_Sport_Centre_01.jpg,,"[30.5951051, 114.2999353]"
139,BC Place Stadium,54320,North America,Canada,"Vancouver, British Columbia",https://upload.wikimedia.org/wikipedia/commons/thumb/f/ff/BC_Place_2015_Women%27s_FIFA_World_Cup.jpg/250px-BC_Place_2015_Women%27s_FIFA_World_Cup.jpg,"Vancouver Whitecaps FC, BC Lions","[49.2608724, -123.113952]"
140,Hrazdan Stadium,54208,West Asia,Armenia,Yerevan,https://upload.wikimedia.org/wikipedia/commons/thumb/7/71/HrazdanArmeniaTurkey.JPG/250px-HrazdanArmeniaTurkey.JPG,"FC Ararat Yerevan, Ulisses FC","[40.1777112, 44.5126233]"
141,BORUSSIA-PARK,54057,Europe,Germany,Mönchen­gladbach,https://upload.wikimedia.org/wikipedia/commons/thumb/5/5d/Borussia-Park_DEU-FRA_2011.jpg/250px-Borussia-Park_DEU-FRA_2011.jpg,Borussia Mönchengladbach,"[51.1947131, 6.4353792]"
142,Moses Mabhida Stadium,54000,Africa,South Africa,"Durban, KwaZulu-Natal",https://upload.wikimedia.org/wikipedia/commons/thumb/9/9c/FIFA_World_Cup_2010_Netherlands_Japan.jpg/250px-FIFA_World_Cup_2010_Netherlands_Japan.jpg,"AmaZulu FC, Cell C Durban Sharks","[-29.861825, 31.009909]"
143,RAMS Park,53978,Europe,Turkey,Istanbul,https://upload.wikimedia.org/wikipedia/commons/thumb/d/d7/Galatasaray_Arena_North-West_Corner.jpg/250px-Galatasaray_Arena_North-West_Corner.jpg,Galatasaray,"[41.006381, 28.9758715]"
144,Busan Asiad Main Stadium,53864,East Asia,South Korea,Busan,https://upload.wikimedia.org/wikipedia/commons/thumb/7/73/BusanAsiadStadium.jpg/250px-BusanAsiadStadium.jpg,Busan IPark,"[35.1799528, 129.0752365]"
145,Estádio Estadual Jornalista Edgar Augusto Proença,53645,South America,Brazil,"Belém, Pará",https://upload.wikimedia.org/wikipedia/commons/thumb/6/6e/Mangueir%C3%A3o_em_2023.jpg/250px-Mangueir%C3%A3o_em_2023.jpg,"Paysandu SC, Clube do Remo, Tuna Luso Brasileira, SC Belem","[-1.45056, -48.4682453]"
146,Estadio Único Diego Armando Maradona,53600,South America,Argentina,La Plata,https://upload.wikimedia.org/wikipedia/commons/thumb/8/88/EstadioUnicoLaPlata_Interior_June2014.jpg/250px-EstadioUnicoLaPlata_Interior_June2014.jpg,,"[-34.9206797, -57.9537638]"
147,Adelaide Oval,53500,Oceania,Australia,"Adelaide, South Australia",https://upload.wikimedia.org/wikipedia/commons/thumb/a/a3/After_Game_Kick_and_Catch_%2813750115664%29.jpg/250px-After_Game_Kick_and_Catch_%2813750115664%29.jpg,"Adelaide Crows, Port Adelaide Power","[-34.9281805, 138.5999312]"
148,Docklands Stadium,53359,Oceania,Australia,"Melbourne, Victoria",https://upload.wikimedia.org/wikipedia/commons/thumb/7/71/Melbourne_Derby_December_2014.jpg/250px-Melbourne_Derby_December_2014.jpg,"Western Bulldogs, Essendon, St. Kilda, Carlton, North Melbourne","[-37.8142454, 144.9631732]"
149,Estádio Municipal João Havelange,53350,South America,Brazil,"Uberlândia, Minas Gerais",https://upload.wikimedia.org/wikipedia/commons/thumb/2/2f/Est%C3%A1dio_Parque_do_Sabi%C3%A1.jpg/250px-Est%C3%A1dio_Parque_do_Sabi%C3%A1.jpg,Uberlânia EC,"[-18.9188041, -48.2767837]"
150,San Mamés,53332,Europe,Spain,Bilbao,https://upload.wikimedia.org/wikipedia/commons/thumb/f/f8/San_Mames%2C_Bilbao%2C_Euskal_Herria_-_Basque_Country.jpg/250px-San_Mames%2C_Bilbao%2C_Euskal_Herria_-_Basque_Country.jpg,Athletic Bilbao,"[43.2630018, -2.9350039]"
151,Aleppo International Stadium,53200,West Asia,Syria,Aleppo,https://upload.wikimedia.org/wikipedia/commons/thumb/b/be/Aleppo_International_Stadium%2C_day_view%2C_2009_%281%29.jpg/250px-Aleppo_International_Stadium%2C_day_view%2C_2009_%281%29.jpg,Al-Ittihad,"[36.19924, 37.1637253]"
152,Estadio Nacional,53086,South America,Peru,Lima,https://upload.wikimedia.org/wikipedia/commons/thumb/b/b8/Estadio_Nacional_nuevo_07_10_2011.jpg/250px-Estadio_Nacional_nuevo_07_10_2011.jpg,Peru national football team,"[-12.0459808, -77.0305912]"
153,Hill Dickinson Stadium,52769,East Asia,England,Liverpool,https://upload.wikimedia.org/wikipedia/commons/thumb/f/fe/Victoria_Tower_and_construction_of_the_new_Everton_Stadium_%28geograph_7449307%29.jpg/250px-Victoria_Tower_and_construction_of_the_new_Everton_Stadium_%28geograph_7449307%29.jpg,Everton FC,"[53.4071991, -2.99168]"
154,Huanglong Stadium,52672,East Asia,China,"Hangzhou, Zhejiang",https://upload.wikimedia.org/wikipedia/commons/thumb/5/53/Hangzhou-yellow-dragon-stad.jpg/250px-Hangzhou-yellow-dragon-stad.jpg,Zhejiang Professional,"[30.2489634, 120.2052342]"
155,Suncorp Stadium,52500,Oceania,Australia,"Brisbane, Queensland",https://upload.wikimedia.org/wikipedia/commons/thumb/4/46/Suncorpstadium071006a.JPG/250px-Suncorpstadium071006a.JPG,"Brisbane Broncos, Queensland Maroons, Brisbane Roar FC, Queensland Reds","[-27.4689623, 153.0235009]"
156,St. James' Park,52405,Europe,England,"Newcastle upon Tyne, North East",https://upload.wikimedia.org/wikipedia/commons/thumb/6/6e/StJamesParkPanorama.jpg/250px-StJamesParkPanorama.jpg,Newcastle United,"[54.9738474, -1.6131572]"
157,Estádio José Alvalade,52095,Europe,Portugal,Lisbon,https://upload.wikimedia.org/wikipedia/commons/thumb/c/cc/Alvalade0023.jpg/250px-Alvalade0023.jpg,Sporting CP,"[38.7077507, -9.1365919]"
158,Kings Park Stadium,52000,Africa,South Africa,"Durban, KwaZulu-Natal",https://upload.wikimedia.org/wikipedia/commons/thumb/b/bc/Kings_Park_panorama.jpg/250px-Kings_Park_panorama.jpg,"Lamontville Golden Arrows, Cell C Durban Sharks","[-29.861825, 31.009909]"
159,Newlands Stadium,51900,Africa,South Africa,"Cape Town, Western Cape",https://upload.wikimedia.org/wikipedia/commons/thumb/4/48/Proudly_South_African.jpg/250px-Proudly_South_African.jpg,,"[-33.9288301, 18.4172197]"
160,Hampden Park,51866,Europe,Scotland,Glasgow,https://upload.wikimedia.org/wikipedia/commons/thumb/d/dc/Hampden_Park%2C_January_2023.jpg/250px-Hampden_Park%2C_January_2023.jpg,"Scotland national football team, Queen's Park","[55.861155, -4.2501687]"
161,Estadio Monumental de Maturín,51796,South America,Venezuela,Maturín,https://upload.wikimedia.org/wikipedia/commons/thumb/8/8d/Monumental_de_maturin_3.jpg/250px-Monumental_de_maturin_3.jpg,Monagas Sport Club,"[9.7422774, -63.1888854]"
162,Loftus Versfeld Stadium,51762,Africa,South Africa,"Pretoria, Gauteng",https://upload.wikimedia.org/wikipedia/commons/thumb/6/6c/Loftus_Versfeld_Game_Night.JPG/250px-Loftus_Versfeld_Game_Night.JPG,SuperSport United and Vodacom Pretoria Bulls,"[-25.7459277, 28.1879101]"
163,Aviva Stadium,51700,Europe,Ireland,Dublin,https://upload.wikimedia.org/wikipedia/commons/thumb/a/a1/Aviva_Stadium_Panoramic.jpg/250px-Aviva_Stadium_Panoramic.jpg,"Leinster Rugby, Republic of Ireland national football team, Ireland national rugby union team","[53.3493795, -6.2605593]"
164,Guiyang Olympic Sports Centre Stadium,51638,East Asia,China,"Guiyang, Guizhou",https://upload.wikimedia.org/wikipedia/commons/thumb/c/c3/Guiyang_Olympic_Sports_Center.jpg/250px-Guiyang_Olympic_Sports_Center.jpg,,"[26.6499922, 106.6246178]"
165,Hohhot City Stadium,51632,East Asia,China,"Hohhot, Inner Mongolia",https://upload.wikimedia.org/wikipedia/commons/thumb/5/57/Hohhot_City_Stadium.jpg/250px-Hohhot_City_Stadium.jpg,,"[40.8184528, 111.6601939]"
166,Rajamangala National Stadium,51552,Southeast Asia,Thailand,Bangkok,https://upload.wikimedia.org/wikipedia/commons/thumb/0/06/Rajamangala_Stadium_Panorama.jpg/250px-Rajamangala_Stadium_Panorama.jpg,Thailand national football team,"[13.7524938, 100.4935089]"
167,Donbas Arena,51504,Europe,Ukraine,Donetsk,https://upload.wikimedia.org/wikipedia/en/thumb/8/8c/Donbass_Arena.jpg/250px-Donbass_Arena.jpg,,"[47.9212914, 37.7809825]"
168,İzmir Atatürk Stadyumu,51295,West Asia,Turkey,İzmir,https://upload.wikimedia.org/wikipedia/commons/thumb/e/ec/%C4%B0zmir_Atat%C3%BCrk_Stadyumu.jpg/250px-%C4%B0zmir_Atat%C3%BCrk_Stadyumu.jpg,"Altay SK, Göztepe AŞ","[38.4192537, 27.128469]"
169,Stadion Feijenoord,51117,Europe,Netherlands,Rotterdam,https://upload.wikimedia.org/wikipedia/commons/thumb/8/89/Rotterdam_De_Kuip_1.jpg/250px-Rotterdam_De_Kuip_1.jpg,Feyenoord,"[51.9244424, 4.47775]"
170,Estadio BBVA,51000,North America,Mexico,Monterrey,https://upload.wikimedia.org/wikipedia/commons/thumb/f/f9/Estadio_BBVA.jpg/250px-Estadio_BBVA.jpg,CF Monterrey,"[25.6802019, -100.315258]"
171,Ghadir Stadium,51000,West Asia,Iran,Ahvaz,https://upload.wikimedia.org/wikipedia/commons/thumb/5/5a/Al-Ghadeer_Stadium.jpg/250px-Al-Ghadeer_Stadium.jpg,Foolad FC,"[31.2462916, 48.7597528]"
172,Estádio José Pinheiro Borda,50942,South America,Brazil,Porto Alegre. Rio Grande do Sul,https://upload.wikimedia.org/wikipedia/commons/thumb/3/31/Beira-Rio-Stadium-Porto-Alegre-Brazil.jpg/250px-Beira-Rio-Stadium-Porto-Alegre-Brazil.jpg,SC Internacional,"[-30.0340622, -51.1576233]"
173,Ibrox Stadium,50817,Europe,Scotland,Glasgow,https://upload.wikimedia.org/wikipedia/commons/thumb/4/41/Rangers-SM_%281%29.jpg/250px-Rangers-SM_%281%29.jpg,Rangers FC,"[55.861155, -4.2501687]"
174,Shizuoka Stadium,50889,East Asia,Japan,"Fukuroi, Shizuoka",https://upload.wikimedia.org/wikipedia/commons/thumb/d/d7/Ecopa030304.jpg/250px-Ecopa030304.jpg,"Júbilo Iwata, Shimizu S-Pulse, Shizuoka Blue Revs","[34.7501492, 137.9246962]"
175,Ernst-Happel-Stadion,50865,Europe,Austria,Vienna,https://upload.wikimedia.org/wikipedia/commons/thumb/3/3c/EM_2008_Elfmeter_Kroatien_%C3%96sterreich.jpg/250px-EM_2008_Elfmeter_Kroatien_%C3%96sterreich.jpg,Austria national football team,"[48.2083537, 16.3725042]"
176,Huntington Bank Stadium,50805,North America,United States,Minneapolis,https://upload.wikimedia.org/wikipedia/commons/thumb/c/cf/MNUFCTCF.jpeg/250px-MNUFCTCF.jpeg,Minnesota Golden Gophers football,"[44.9772995, -93.2654692]"
177,Hocine Ait Ahmed Stadium,50766,Africa,Algeria,Tizi Ouzou,https://upload.wikimedia.org/wikipedia/commons/thumb/e/e2/Tizi_Ouzou_Stadium_at_night.jpg/250px-Tizi_Ouzou_Stadium_at_night.jpg,JS Kabylie,"[36.6816175, 4.237186]"
178,Estadio Cuauhtémoc,50754,North America,Mexico,Puebla,https://upload.wikimedia.org/wikipedia/commons/thumb/2/24/Rampa_norte.jpg/250px-Rampa_norte.jpg,Puebla FC,"[18.833333, -98.0]"
179,Strawberry Arena,50653,Europe,Sweden,Solna,https://upload.wikimedia.org/wikipedia/commons/thumb/2/2b/FriendsArena_SwedenSpain.jpg/250px-FriendsArena_SwedenSpain.jpg,"Sweden men's national football team, AIK Fotboll","[59.366667, 18.016667]"
180,Ülker Stadyumu,50509,West Asia,Turkey,Istanbul,https://upload.wikimedia.org/wikipedia/commons/thumb/6/67/Sukrusaracoglu.jpg/250px-Sukrusaracoglu.jpg,Fenerbahçe,"[41.006381, 28.9758715]"
181,Stade Pierre-Mauroy,50186,Europe,France,Villeneuve-d'Ascq,https://upload.wikimedia.org/wikipedia/commons/thumb/9/90/Mauroy_Stadium_Eurobasket_2015.JPG/250px-Mauroy_Stadium_Eurobasket_2015.JPG,Lille OSC,"[50.6193174, 3.1314002]"
182,Stade Roi Baudouin,50122,Europe,Belgium,Brussels,https://upload.wikimedia.org/wikipedia/commons/thumb/a/a4/Stade_Roi_Baudouin.JPG/250px-Stade_Roi_Baudouin.JPG,Belgium national football team,"[50.8465573, 4.351697]"
183,Shaanxi Province Stadium,50100,East Asia,China,"Xi'an, Shaanxi",https://upload.wikimedia.org/wikipedia/commons/thumb/0/0a/No-image-available.png/480px-No-image-available.png,,"[34.261004, 108.9423363]"
184,Ajinomoto Stadium,50100,East Asia,Japan,"Chofu, Tokyo",https://upload.wikimedia.org/wikipedia/commons/thumb/5/5c/Ajinomoto_Stadium_2018-13.jpg/250px-Ajinomoto_Stadium_2018-13.jpg,"FC Tokyo, Tokyo Verdy, Tokyo Sungoliath, Toshiba Brave Lupus Tokyo","[35.6506036, 139.5407066]"
185,Estádio do Dragão,50033,Europe,Portugal,Porto,https://upload.wikimedia.org/wikipedia/commons/thumb/b/b8/Porto_Est%C3%A1dio_do_Drag%C3%A3o_2.jpg/250px-Porto_Est%C3%A1dio_do_Drag%C3%A3o_2.jpg,FC Porto,"[41.1502195, -8.6103497]"
186,Casa de Apostas Arena Fonte Nova,50025,South America,Brazil,"Salvador, Bahia",https://upload.wikimedia.org/wikipedia/commons/thumb/3/35/Arena_Fonte_Nova_External_View.jpg/250px-Arena_Fonte_Nova_External_View.jpg,EC Bahia,"[-12.9822499, -38.4812772]"
187,Kai Tak Stadium,50000,East Asia,Hong Kong,Kowloon City,https://upload.wikimedia.org/wikipedia/commons/thumb/d/db/2024%E5%B9%B410%E6%9C%88-%E5%95%9F%E5%BE%B7%E9%AB%94%E8%82%B2%E5%9C%92.jpg/250px-2024%E5%B9%B410%E6%9C%88-%E5%95%9F%E5%BE%B7%E9%AB%94%E8%82%B2%E5%9C%92.jpg,Hong Kong national football team,"[22.3301595, 114.1899368]"
188,Stade Tata Raphaël,50000,Africa,DR Congo,Kinshasa,https://upload.wikimedia.org/wikipedia/commons/thumb/0/0a/No-image-available.png/480px-No-image-available.png,"AS Vita Club, DC Motema Pembe","[-4.3196982, 15.3424196]"
189,Stade Olympique de Sousse,50000,Africa,Tunisia,Sousse,https://upload.wikimedia.org/wikipedia/commons/thumb/b/be/Stade_olympique_de_Sousse.jpg/250px-Stade_olympique_de_Sousse.jpg,Étoile du Sahel,"[35.8288284, 10.6405254]"
190,Rhein­Energie­STADION,50000,Europe,Germany,Cologne,https://upload.wikimedia.org/wikipedia/commons/thumb/8/82/FIFA_WM06_Stadion_Koeln.jpg/250px-FIFA_WM06_Stadion_Koeln.jpg,1. FC Köln,"[50.938361, 6.959974]"
191,Harbin Sports City Centre Stadium,50000,East Asia,China,"Harbin, Heilongjiang",https://upload.wikimedia.org/wikipedia/commons/thumb/0/0a/No-image-available.png/480px-No-image-available.png,,"[45.7593633, 126.6276177]"
192,Greenfield International Stadium,50000,South Asia,India,Trivandrum,https://upload.wikimedia.org/wikipedia/commons/thumb/3/35/Greenfield_International_Stadium_Kerala.jpg/250px-Greenfield_International_Stadium_Kerala.jpg,,"[8.4882267, 76.947551]"
193,EMS Stadium,50000,South Asia,India,Kozhikode,https://upload.wikimedia.org/wikipedia/commons/thumb/1/1b/Kozhikode_EMS_Stadium.jpg/250px-Kozhikode_EMS_Stadium.jpg,"India national football team, Gokulam Kerala FC","[11.2450558, 75.7754716]"
194,KD Singh Babu Stadium,50000,South Asia,India,Lucknow,https://upload.wikimedia.org/wikipedia/commons/thumb/6/60/K_D_Singh_Babu_Stadium.jpg/250px-K_D_Singh_Babu_Stadium.jpg,,"[26.8381, 80.9346001]"
195,Eden Park,50000,Oceania,New Zealand,Auckland,https://upload.wikimedia.org/wikipedia/commons/thumb/e/e6/Auckland_EdenPark.jpg/250px-Auckland_EdenPark.jpg,"Auckland Blues, New Zealand Warriors","[-36.852095, 174.7631803]"
196,Estádio 11 de Novembro,50000,Africa,Angola,Luanda,https://upload.wikimedia.org/wikipedia/commons/thumb/6/6b/Football_stadium_%286178263468%29.jpg/250px-Football_stadium_%286178263468%29.jpg,"Angola national football team, Primeiro de Agosto, Petro Luanda","[-8.8272699, 13.2439512]"
197,Henan Provincial Stadium,50000,East Asia,China,"Zhengzhou, Henan",https://upload.wikimedia.org/wikipedia/commons/thumb/0/0a/No-image-available.png/480px-No-image-available.png,,"[34.7472531, 113.619321]"
198,Jiangxi Olympic Sports Center,50000,East Asia,China,"Nanchang, Jiangxi",https://upload.wikimedia.org/wikipedia/commons/thumb/0/0a/No-image-available.png/480px-No-image-available.png,,"[28.6472124, 116.0348483]"
199,Max-Morlock-Stadion,50000,Europe,Germany,Nuremberg,https://upload.wikimedia.org/wikipedia/commons/thumb/1/15/Frankenstadion_2.JPG/250px-Frankenstadion_2.JPG,1. FC Nürnberg,"[49.453872, 11.077298]"
200,June 11 Stadium,50000,Africa,Libya,Tripoli,https://upload.wikimedia.org/wikipedia/commons/thumb/7/77/11_June_Stadium_BenTaher.jpg/250px-11_June_Stadium_BenTaher.jpg,"Libya, Al-Ahly SC, Al-Ittihad Tripoli, Al-Madina SC","[32.896672, 13.1777923]"
201,Xinjiang Sports Centre Stadium,50000,East Asia,China,"Urumqi, Xinjiang",https://upload.wikimedia.org/wikipedia/commons/thumb/0/0a/No-image-available.png/480px-No-image-available.png,,"[43.8244074, 87.6139038]"
202,Kim Il-sung Stadium,50000,East Asia,North Korea,Pyongyang,https://upload.wikimedia.org/wikipedia/commons/thumb/3/39/North_Korea_v_Philippines%2C_8_October_2015_F.png/250px-North_Korea_v_Philippines%2C_8_October_2015_F.png,Pyongyang City Sports Club,"[39.0167979, 125.7473609]"
203,EDION Stadium Hiroshima,50000,East Asia,Japan,Hiroshima,https://upload.wikimedia.org/wikipedia/commons/thumb/3/3e/Big_Arch_Stadium_Panorama.jpg/250px-Big_Arch_Stadium_Panorama.jpg,Sanfrecce Hiroshima,"[34.3917241, 132.4517589]"
204,Pars Shiraz Stadium,50000,West Asia,Iran,Shiraz,https://upload.wikimedia.org/wikipedia/commons/thumb/b/be/Pars_Stadium_Photos_Image_6.jpg/250px-Pars_Stadium_Photos_Image_6.jpg,Fajr Sepasi Shiraz FC,"[29.6060218, 52.5378041]"
205,Stade du 26 mars,50000,Africa,Mali,Bamako,https://upload.wikimedia.org/wikipedia/commons/thumb/1/10/Stade_du_26-mars.png/250px-Stade_du_26-mars.png,Stade Malien,"[12.649319, -8.000337]"
206,Stade Abdoulaye Wade,50000,Africa,Senegal,Dakar,https://upload.wikimedia.org/wikipedia/commons/thumb/0/0a/No-image-available.png/480px-No-image-available.png,Senegal national football team,"[14.693425, -17.447938]"
207,Sultan Mizan Zainal Abidin Stadium,50000,Southeast Asia,Malaysia,Kuala Terengganu,https://upload.wikimedia.org/wikipedia/commons/thumb/0/00/Sultan_Mizan_Zainal_Abidin_Stadium_%28Night%29_2021.jpg/250px-Sultan_Mizan_Zainal_Abidin_Stadium_%28Night%29_2021.jpg,Terengganu FA,"[5.3296461, 103.1383265]"
208,Estadio Akron,49850,North America,Mexico,Guadalajara,https://upload.wikimedia.org/wikipedia/commons/thumb/f/f1/Omnilife_Stadium.png/250px-Omnilife_Stadium.png,C.D. Guadalajara,"[20.6720375, -103.338396]"
209,Levy Mwanawasa Stadium,49800,Africa,Zambia,Lusaka,https://upload.wikimedia.org/wikipedia/commons/thumb/0/0a/No-image-available.png/480px-No-image-available.png,Zesco United,"[-15.4163395, 28.2818414]"
210,Fritz-Walter-Stadion,49780,Europe,Germany,Kaiserslautern,https://upload.wikimedia.org/wikipedia/commons/thumb/1/18/Kaiserslautern_18.JPG/250px-Kaiserslautern_18.JPG,1. FC Kaiserslautern,"[49.4432174, 7.7689951]"
211,Estadio José Amalfitani,49540,South America,Argentina,Buenos Aires,https://upload.wikimedia.org/wikipedia/commons/thumb/3/33/Argentina_A_vs_Inglaterra_A_02.JPG/250px-Argentina_A_vs_Inglaterra_A_02.JPG,CA Vélez Sársfield,"[-34.6095579, -58.3887904]"
212,Camille Chamoun Sports City Stadium,49500,West Asia,Lebanon,Beirut,https://upload.wikimedia.org/wikipedia/commons/thumb/a/a8/Camille_Chamoun_Sports_City_Stadium_2018_-_Beirut_derby_%28Nejmeh_fans%29.png/250px-Camille_Chamoun_Sports_City_Stadium_2018_-_Beirut_derby_%28Nejmeh_fans%29.png,"Lebanon national football team, Al Ahed FC, Al Ansar FC, Nejmeh SC","[33.8892265, 35.5025585]"
213,Mestalla,49430,Europe,Spain,Valencia,https://upload.wikimedia.org/wikipedia/commons/thumb/a/af/CAMP_DE_MESTALLA_GRADA_DE_LA_MAR_2014_%282%29.JPG/250px-CAMP_DE_MESTALLA_GRADA_DE_LA_MAR_2014_%282%29.JPG,Valencia CF,"[39.4697065, -0.3763353]"
214,Miyagi Stadium,49133,East Asia,Japan,"Rifu, Miyagi",https://upload.wikimedia.org/wikipedia/commons/thumb/9/9b/MiyagiStadiumTrackField.jpg/250px-MiyagiStadiumTrackField.jpg,Vegalta Sendai,"[38.3301406, 140.9753442]"
215,Incheon Munhak Stadium,49084,East Asia,South Korea,Incheon,https://upload.wikimedia.org/wikipedia/commons/thumb/d/df/Munhak_Stadium_Corner.jpg/250px-Munhak_Stadium_Corner.jpg,,"[37.456, 126.7052]"
216,Heinz-von-Heiden-Arena,49000,Europe,Germany,Hanover,https://upload.wikimedia.org/wikipedia/commons/thumb/9/9e/HDI_Arena%2C_WM_Stadion_2006.jpg/250px-HDI_Arena%2C_WM_Stadion_2006.jpg,Hannover 96,"[52.3744779, 9.7385532]"
217,Parc des Princes,48712,Europe,France,Paris,https://upload.wikimedia.org/wikipedia/commons/thumb/8/89/PSG-Nantes_Parc_des_Princes_05.jpg/250px-PSG-Nantes_Parc_des_Princes_05.jpg,Paris Saint-Germain,"[48.8588897, 2.320041]"
218,Stadium of Light,48707,Europe,England,"Sunderland, Tyne and Wear",https://upload.wikimedia.org/wikipedia/commons/thumb/7/7d/Stadium_of_Light%2C_Sunderland_afc.jpg/250px-Stadium_of_Light%2C_Sunderland_afc.jpg,Sunderland AFC,"[54.8757595, -1.4863817]"
219,Estadio Nacional,48665,South America,Chile,Santiago,https://upload.wikimedia.org/wikipedia/commons/thumb/1/15/Adios_Matador.jpg/250px-Adios_Matador.jpg,"Chile national football team, CF Universidad de Chile","[-33.4377756, -70.6504502]"
220,Nelson Mandela Bay Stadium,48459,Africa,South Africa,"Port Elizabeth, Eastern Cape",https://upload.wikimedia.org/wikipedia/commons/thumb/9/9b/Nelson_Mandela_Stadium_in_Port_Elizabeth_%28cropped%29.jpg/250px-Nelson_Mandela_Stadium_in_Port_Elizabeth_%28cropped%29.jpg,Chippa United FC,"[-33.9618598, 25.6186731]"
221,Estadio Tomás Adolfo Ducó,48314,South America,Argentina,Buenos Aires,https://upload.wikimedia.org/wikipedia/commons/thumb/3/3c/Estadio_huracan_interior_tribuna_gcba.jpg/250px-Estadio_huracan_interior_tribuna_gcba.jpg,CA Huracán,"[-34.6095579, -58.3887904]"
222,Jinnah Sports Stadium,48200,South Asia,Pakistan,Islamabad,https://upload.wikimedia.org/wikipedia/commons/thumb/1/12/Jinnah_Sports_Stadium_track_and_field.jpg/250px-Jinnah_Sports_Stadium_track_and_field.jpg,Pakistan national football team,"[33.6938118, 73.0651511]"
223,Estadio Libertadores de América,48069,South America,Argentina,Avellaneda,https://upload.wikimedia.org/wikipedia/commons/thumb/b/b3/Estadio_Libertadores_de_America_2014.JPG/250px-Estadio_Libertadores_de_America_2014.JPG,Club Atlético Independiente,"[-34.6648394, -58.3628061]"
224,Free State Stadium,48000,Africa,South Africa,"Bloemfontein, Free State",https://upload.wikimedia.org/wikipedia/commons/thumb/9/9e/Free_State_Stadium1.jpg/250px-Free_State_Stadium1.jpg,"Bloemfontein Celtic, Toyota Cheetahs","[-29.116395, 26.215496]"
225,Nagai Stadium,47816,East Asia,Japan,Osaka,https://upload.wikimedia.org/wikipedia/commons/thumb/3/3e/Nagai_stadium20040717.jpg/250px-Nagai_stadium20040717.jpg,"Cerezo Osaka, NTT DoCoMo Red Hurricanes Osaka","[34.6198813, 135.490357]"
226,Neo Química Arena,47605,South America,Brazil,"São Paulo, São Paulo",https://upload.wikimedia.org/wikipedia/commons/thumb/6/64/Corinthians_x_Gr%C3%AAmio_-_Brasileir%C3%A3o_2016.jpg/250px-Corinthians_x_Gr%C3%AAmio_-_Brasileir%C3%A3o_2016.jpg,Corinthians,"[-23.5506507, -46.6333824]"
227,Rogers Centre,47568,North America,Canada,"Toronto, Ontario",https://upload.wikimedia.org/wikipedia/commons/thumb/7/79/Toronto_-_ON_-_Rogers_Centre2.jpg/250px-Toronto_-_ON_-_Rogers_Centre2.jpg,"Toronto FC, Toronto Argonauts","[43.6534817, -79.3839347]"
228,Estadio Monumental,47347,South America,Chile,Santiago,https://upload.wikimedia.org/wikipedia/commons/thumb/0/0e/Estadio_Monumental_2009.jpg/250px-Estadio_Monumental_2009.jpg,Colo-Colo,"[-33.4377756, -70.6504502]"
229,Stadio Artemio Franchi,47282,Europe,Italy,Florence,https://upload.wikimedia.org/wikipedia/commons/thumb/a/aa/Soccer_in_Florence%2C_Italy%2C_2007.jpg/250px-Soccer_in_Florence%2C_Italy%2C_2007.jpg,ACF Fiorentina,"[43.7697955, 11.2556404]"
230,Estadio Ciudad de Lanús – Néstor Díaz Pérez,47027,South America,Argentina,Lanús,https://upload.wikimedia.org/wikipedia/commons/thumb/1/1e/Editat%C3%B3n_Club_Lan%C3%BAs_-_Instalaciones_%288%29.JPG/250px-Editat%C3%B3n_Club_Lan%C3%BAs_-_Instalaciones_%288%29.JPG,CA Lanús,"[-34.7073871, -58.3905998]"
231,Estadio Metropolitano Roberto Meléndez,46788,South America,Colombia,Barranquilla,https://upload.wikimedia.org/wikipedia/commons/thumb/b/b0/Estadio_Metropolitano_de_Baranquilla_2011.jpg/250px-Estadio_Metropolitano_de_Baranquilla_2011.jpg,"Colombia national football team, Atlético Junior","[11.0101922, -74.8231794]"
232,Estádio Olímpico Nilton Santos,46831,South America,Brazil,"Rio de Janeiro, Rio de Janeiro",https://upload.wikimedia.org/wikipedia/commons/thumb/a/a8/Est%C3%A1dio_Municipal_Jo%C3%A3o_Havelange_14072007.jpg/250px-Est%C3%A1dio_Municipal_Jo%C3%A3o_Havelange_14072007.jpg,Botafogo FR,"[-22.9110137, -43.2093727]"
233,Itaipava Arena Pernambuco,46154,South America,Brazil,"São Lourenço da Mata, Pernambuco",https://upload.wikimedia.org/wikipedia/commons/thumb/6/62/Panorama_of_Arena_Pernambuco.jpg/250px-Panorama_of_Arena_Pernambuco.jpg,Náutico,"[-7.9959607, -35.039335]"
234,Arena MRV,46000,South America,Brazil,"Belo Horizonte, Minas Gerais",https://upload.wikimedia.org/wikipedia/commons/thumb/5/54/Arena_MRV_em_obras_vista_da_Via_Expressa_%28dezembro_de_2022%29.jpg/250px-Arena_MRV_em_obras_vista_da_Via_Expressa_%28dezembro_de_2022%29.jpg,C Atlético Mineiro,"[-19.9227318, -43.9450948]"
235,Estádio Paulo Constantino,45954,South America,Brazil,"Presidente Prudente, São Paulo",https://upload.wikimedia.org/wikipedia/commons/thumb/c/c0/Derby_Paulista_%28Corinthians-Palmeiras%29_Paulist%C3%A3o_2009.jpg/250px-Derby_Paulista_%28Corinthians-Palmeiras%29_Paulist%C3%A3o_2009.jpg,Grêmio Prudente,"[-22.1225167, -51.3882528]"
236,Estadio Atanasio Girardot,45739,South America,Colombia,Medellín,https://upload.wikimedia.org/wikipedia/commons/thumb/4/4a/Atanasio_Girardot_Stadium.jpg/250px-Atanasio_Girardot_Stadium.jpg,"Atlético Nacional, Independiente Medellín","[6.2697325, -75.6025597]"
237,Adrar Stadium,45480,Africa,Morocco,Agadir,https://upload.wikimedia.org/wikipedia/commons/thumb/5/51/Stade-Adrar2019.png/250px-Stade-Adrar2019.png,"Hassania Agadir, Morocco national team","[30.4205162, -9.5838532]"
238,Lukoil Arena,45360,Europe,Russia,Moscow,https://upload.wikimedia.org/wikipedia/commons/thumb/6/62/Match_veteranov_Spartaka_%2813%29.jpg/250px-Match_veteranov_Spartaka_%2813%29.jpg,Spartak Moscow,"[55.625578, 37.6063916]"
239,Grand stade de Marrakech,45240,Africa,Morocco,Marrakesh,https://upload.wikimedia.org/wikipedia/commons/thumb/0/0d/Stade_de_marrakech.jpg/250px-Stade_de_marrakech.jpg,"Kawkab Marrakech, Morocco national team","[31.6258257, -7.9891608]"
240,Mandela National Stadium,45202,Africa,Uganda,Kampala,https://upload.wikimedia.org/wikipedia/commons/thumb/3/3c/Mandela_National_Stadium%2C_Uganda.JPG/250px-Mandela_National_Stadium%2C_Uganda.JPG,Uganda national football team,"[0.3177137, 32.5813539]"
241,Tarczyński Arena Wrocław,45105,Europe,Poland,Wrocław,https://upload.wikimedia.org/wikipedia/commons/thumb/a/a3/Wroc%C5%82aw_Municipal_Stadium_-_Euro_2012_%28panorama%29.jpg/250px-Wroc%C5%82aw_Municipal_Stadium_-_Euro_2012_%28panorama%29.jpg,Śląsk Wrocław,"[51.1263106, 16.9781963]"
242,Kazan Arena,45105,Europe,Russia,Kazan,https://upload.wikimedia.org/wikipedia/commons/thumb/5/56/Poland_v._Colombia_%2842095441565%29.jpg/250px-Poland_v._Colombia_%2842095441565%29.jpg,Rubin Kazan,"[55.7946485, 49.1115022]"
243,Estadio Inca Garcilaso de la Vega,45056,South America,Peru,Cusco,https://upload.wikimedia.org/wikipedia/commons/thumb/1/10/Estadio_garcilaso_cienciano.jpg/250px-Estadio_garcilaso_cienciano.jpg,"CS Cienciano, Deportivo Garcilaso, Cusco FC","[-13.5170887, -71.9785356]"
244,24 February 1956 Stadium,45000,Africa,Algeria,Sidi Bel Abbès,https://upload.wikimedia.org/wikipedia/commons/thumb/b/b1/Stade_24_F%C3%A9vrier_1956.jpg/250px-Stade_24_F%C3%A9vrier_1956.jpg,USM Bel Abbès,"[34.682268, -0.4357555]"
245,Estádio da Machava,45000,Africa,Mozambique,Maputo,https://upload.wikimedia.org/wikipedia/commons/thumb/0/0a/No-image-available.png/480px-No-image-available.png,Mozambique national football team,"[-25.966213, 32.56745]"
246,Stadion Gelora Bung Tomo,45000,Southeast Asia,Indonesia,"Surabaya, East Java",https://upload.wikimedia.org/wikipedia/commons/thumb/0/0a/No-image-available.png/480px-No-image-available.png,Persebaya Surabaya,"[-7.2462836, 112.7377674]"
247,Stadion Harapan Banga,45000,Southeast Asia,Indonesia,"Banda Aceh, Aceh",https://upload.wikimedia.org/wikipedia/commons/thumb/0/0a/No-image-available.png/480px-No-image-available.png,"Persiraja, Aceh United","[5.5528455, 95.3192908]"
248,Estadio General Pablo Rojas,45000,South America,Paraguay,Asunción,https://upload.wikimedia.org/wikipedia/commons/thumb/c/c4/Estadio_General_Pablo_Rojas.jpg/250px-Estadio_General_Pablo_Rojas.jpg,Club Cerro Porteño,"[-25.2800459, -57.6343814]"
249,Latakia Sports City Stadium,45000,West Asia,Syria,Latakia,https://upload.wikimedia.org/wikipedia/commons/thumb/0/0a/No-image-available.png/480px-No-image-available.png,,"[35.5200185, 35.7781044]"
250,Zibo Sports Centre Stadium,45000,East Asia,China,"Zibo, Shandong",https://upload.wikimedia.org/wikipedia/commons/thumb/0/0a/No-image-available.png/480px-No-image-available.png,,"[36.8129564, 118.0488401]"
251,Weifang Sports Centre Stadium,45000,East Asia,China,"Weifang, Shandong",https://upload.wikimedia.org/wikipedia/commons/thumb/0/0a/No-image-available.png/480px-No-image-available.png,,"[36.7070287, 119.1557515]"
252,Yantai Sports Park Stadium,45000,East Asia,China,"Yantai, Shandong",https://upload.wikimedia.org/wikipedia/commons/thumb/0/0a/No-image-available.png/480px-No-image-available.png,,"[37.461928, 121.4425255]"
253,Stadium Tuanku Abdul Rahman,45000,Southeast Asia,Malaysia,Seremban,https://upload.wikimedia.org/wikipedia/commons/thumb/f/f5/Stadium_Tuanku_Abdul_Rahman%2C_Paroi.jpg/250px-Stadium_Tuanku_Abdul_Rahman%2C_Paroi.jpg,"ATM FA, Negeri Sembilan","[2.723099, 101.9400601]"
254,Stade du Complexe sportif de Fès,45000,Africa,Morocco,Fes,https://upload.wikimedia.org/wikipedia/commons/thumb/1/1c/Complexe_sportif_de_F%C3%A8s.jpg/250px-Complexe_sportif_de_F%C3%A8s.jpg,"Wydad de Fès, Maghreb de Fès, Morocco national team","[34.0346534, -5.0161926]"
255,Lagos National Stadium,45000,Africa,Nigeria,Lagos,https://upload.wikimedia.org/wikipedia/commons/thumb/0/0a/No-image-available.png/480px-No-image-available.png,Nigeria national football team,"[6.4550575, 3.3941795]"
256,Egyptian Army Stadium,45000,Africa,Egypt,Suez,https://upload.wikimedia.org/wikipedia/commons/thumb/0/0a/No-image-available.png/480px-No-image-available.png,,"[29.974498, 32.537086]"
257,Toyota Stadium,45000,East Asia,Japan,"Toyota City, Aichi",https://upload.wikimedia.org/wikipedia/commons/thumb/5/58/JPNxGEO20180623_%283%29.jpg/250px-JPNxGEO20180623_%283%29.jpg,"Nagoya Grampus, Toyota Verblitz","[35.083386, 137.156412]"
258,Zayed Sports City Stadium,45000,West Asia,United Arab Emirates,Abu Dhabi,https://upload.wikimedia.org/wikipedia/commons/thumb/a/a7/Abu_Dhabi_Zayed_Sports_City_Stadium_2.jpg/250px-Abu_Dhabi_Zayed_Sports_City_Stadium_2.jpg,,"[24.4538352, 54.3774014]"
259,Red Bull Arena,44345,Europe,Germany,Leipzig,https://upload.wikimedia.org/wikipedia/commons/thumb/c/ca/Leipzig_stadium.jpg/250px-Leipzig_stadium.jpg,RB Leipzig,"[51.3406321, 12.3747329]"
260,Estádio Governador Alberto Tavares Silva,44200,South America,Brazil,Teresina,https://upload.wikimedia.org/wikipedia/commons/thumb/0/0a/No-image-available.png/480px-No-image-available.png,"River AC, EC Flamengo, Piauí EC, SE Tiradentes, Auto EC","[-5.0874608, -42.8049571]"
261,Estádio Universitário Pedro Pedrossian,44200,South America,Brazil,"Campo Grande, Mato Grosso do Sul",https://upload.wikimedia.org/wikipedia/commons/thumb/f/fa/0253l.jpg/250px-0253l.jpg,"EC Comercial, Operário FC","[-20.4640173, -54.6162947]"
262,Ulsan Munsu Football Stadium,44102,East Asia,South Korea,Ulsan,https://upload.wikimedia.org/wikipedia/commons/thumb/b/b2/Munsu_20121110_204310_5.jpg/250px-Munsu_20121110_204310_5.jpg,Ulsan HD FC,"[35.5391697, 129.3119136]"
263,Arena Pantanal,44097,South America,Brazil,"Cuiabá, Mato Grosso",https://upload.wikimedia.org/wikipedia/commons/thumb/1/1c/Arena_Pantanal.jpg/250px-Arena_Pantanal.jpg,"Cuiabá, Mixto EC","[-15.5986686, -56.0991301]"
264,Arena da Amazônia,44000,South America,Brazil,"Manaus, Amazonas",https://upload.wikimedia.org/wikipedia/commons/thumb/4/43/Arena_Amaz%C3%B4nia_Manaus.jpg/250px-Arena_Amaz%C3%B4nia_Manaus.jpg,Nacional FC,"[-3.1316333, -59.9825041]"
265,Suwon World Cup Stadium,43959,East Asia,South Korea,Suwon,https://upload.wikimedia.org/wikipedia/commons/thumb/2/2e/20121003_Suwon_vs_Seoul.jpg/250px-20121003_Suwon_vs_Seoul.jpg,Suwon Samsung Bluewings,"[37.2633325, 127.0287472]"
266,Stadion Utama Riau,43923,Southeast Asia,Indonesia,"Pekanbaru, Riau",https://upload.wikimedia.org/wikipedia/commons/thumb/4/4b/Riau_Main_Stadium_%28cropped%29.JPG/250px-Riau_Main_Stadium_%28cropped%29.JPG,PSPS Pekanbaru,"[0.5262455, 101.4515727]"
267,Estadio Ramón Sánchez Pizjuán,43864,Europe,Spain,Seville,https://upload.wikimedia.org/wikipedia/commons/thumb/1/17/Sevilla2-1Lega20182.jpg/250px-Sevilla2-1Lega20182.jpg,Sevilla FC,"[37.3886303, -5.9953403]"
268,Allianz Parque,43713,South America,Brazil,"São Paulo, São Paulo",https://upload.wikimedia.org/wikipedia/commons/thumb/9/95/Imagens_da_Cidade_de_S%C3%A3o_Paulo_e_Zool%C3%B3gico_da_Capital_Paulista._%2847480340301%29.jpg/250px-Imagens_da_Cidade_de_S%C3%A3o_Paulo_e_Zool%C3%B3gico_da_Capital_Paulista._%2847480340301%29.jpg,SE Palmeiras,"[-23.5506507, -46.6333824]"
269,Shandong Provincial Stadium,43700,East Asia,China,"Jinan, Shandong",https://upload.wikimedia.org/wikipedia/commons/thumb/4/49/SHANGDONGSPORTS.jpg/250px-SHANGDONGSPORTS.jpg,,"[36.6519754, 117.1138479]"
270,Polsat Plus Arena Gdańsk,43615,Europe,Poland,Gdańsk,https://upload.wikimedia.org/wikipedia/commons/thumb/1/17/Gda%C5%84sk%2C_Stadion_PGE_Arena_-_fotopolska.eu_%28326975%29.jpg/250px-Gda%C5%84sk%2C_Stadion_PGE_Arena_-_fotopolska.eu_%28326975%29.jpg,Lechia Gdańsk,"[54.3482907, 18.6540233]"
271,Estadio Pedro Bidegain,43494,South America,Argentina,Buenos Aires,https://upload.wikimedia.org/wikipedia/commons/thumb/1/10/Platea_Este_Nuevo_Gasometro_1.jpg/250px-Platea_Este_Nuevo_Gasometro_1.jpg,CA San Lorenzo de Almagro,"[-34.6095579, -58.3887904]"
272,Stadion Miejski w Poznaniu,43269,Europe,Poland,Poznań,https://upload.wikimedia.org/wikipedia/commons/thumb/c/c0/Stadion_Miejski_w_Poznaniu_2013_panorama.jpg/250px-Stadion_Miejski_w_Poznaniu_2013_panorama.jpg,"Lech Poznań, Warta Poznań","[52.4006632, 16.9197326]"
273,Vasil Levski National Stadium,43230,Europe,Bulgaria,Sofia,https://upload.wikimedia.org/wikipedia/commons/thumb/9/93/Vasil_Levski_National_Stadium_2022.jpg/250px-Vasil_Levski_National_Stadium_2022.jpg,Bulgaria national football team,"[42.6977028, 23.3217359]"
274,Estadio Universidad San Marcos,43000,South America,Peru,Lima,https://upload.wikimedia.org/wikipedia/commons/thumb/a/a3/UNMSM_Estadio_San_Marcos_-_2019.png/250px-UNMSM_Estadio_San_Marcos_-_2019.png,Deportivo Universidad San Marcos,"[-12.0459808, -77.0305912]"
275,Ullevi,43000,Europe,Sweden,Gothenburg,https://upload.wikimedia.org/wikipedia/commons/thumb/8/8d/Ullevi_stadium%2C_23_june_2018.png/250px-Ullevi_stadium%2C_23_june_2018.png,Sweden women's national football team,"[57.7072326, 11.9670171]"
276,Jinzhou Binhai Sports Centre Stadium,43000,East Asia,China,Jinzhou,https://upload.wikimedia.org/wikipedia/commons/thumb/0/0a/No-image-available.png/480px-No-image-available.png,,"[41.494444, 121.615278]"
277,Estadio General Santander,42901,South America,Colombia,Cúcuta,https://upload.wikimedia.org/wikipedia/commons/thumb/4/46/Cucuta704.jpg/250px-Cucuta704.jpg,Cúcuta Deportivo,"[8.0776187, -72.4689002]"
278,Villa Park,43205,Europe,England,"Birmingham, West Midlands",https://upload.wikimedia.org/wikipedia/commons/thumb/a/a1/Villa_Stadion_panorama_2016.jpg/250px-Villa_Stadion_panorama_2016.jpg,Aston Villa,"[52.4796992, -1.9026911]"
279,Perak Stadium,42500,Southeast Asia,Malaysia,Perak,https://upload.wikimedia.org/wikipedia/commons/thumb/d/dc/Perak_Stadium.JPG/250px-Perak_Stadium.JPG,Perak FA,"[4.812181, 100.9797908]"
280,Jeonju World Cup Stadium,42477,East Asia,South Korea,Jeonju,https://upload.wikimedia.org/wikipedia/commons/thumb/7/72/%EC%A0%84%EC%A3%BC%EC%9B%94%EB%93%9C%EC%BB%B5%EA%B2%BD%EA%B8%B0%EC%9E%A5.jpg/250px-%EC%A0%84%EC%A3%BC%EC%9B%94%EB%93%9C%EC%BB%B5%EA%B2%BD%EA%B8%B0%EC%9E%A5.jpg,Jeonbuk Hyundai Motors FC,"[35.8237631, 127.1472805]"
281,Ligga Arena,42372,South America,Brazil,"Curitiba, Paraná",https://upload.wikimedia.org/wikipedia/commons/thumb/2/20/Arenadabaixada2.jpg/250px-Arenadabaixada2.jpg,Athletico Paranaense,"[-25.4295963, -49.2712724]"
282,Weserstadion,42358,Europe,Germany,Bremen,https://upload.wikimedia.org/wikipedia/commons/thumb/a/a6/Weserstadion_panorama.JPG/250px-Weserstadion_panorama.JPG,SV Werder Bremen,"[53.0758196, 8.8071646]"
283,Denka Big Swan Stadium,42300,East Asia,Japan,"Niigata, Niigata",https://upload.wikimedia.org/wikipedia/commons/thumb/f/ff/Bigswan080628.JPG/250px-Bigswan080628.JPG,Albirex Niigata,"[37.9163757, 139.0365062]"
284,Estadio Olimpico Metropolitano de Mérida,42200,South America,Venezuela,Mérida,https://upload.wikimedia.org/wikipedia/commons/thumb/1/1f/Metropolitanodemeridacopamerica.jpg/250px-Metropolitanodemeridacopamerica.jpg,Estudiantes de Mérida,"[8.5816963, -71.1658075]"
285,Daejeon World Cup Stadium,42176,East Asia,South Korea,Daejeon,https://upload.wikimedia.org/wikipedia/commons/thumb/7/76/Daejeon_World_Cup_Stadium.JPG/250px-Daejeon_World_Cup_Stadium.JPG,Daejeon Citizen,"[36.3497007, 127.3849016]"
286,Matmut ATLANTIQUE,42115,Europe,France,Bordeaux,https://upload.wikimedia.org/wikipedia/commons/thumb/7/7f/500px_photo_%28165733217%29.jpeg/250px-500px_photo_%28165733217%29.jpeg,FC Girondins de Bordeaux,"[44.841225, -0.5800364]"
287,Helsingin Olympia­stadion,42062,Europe,Finland,Helsinki,https://upload.wikimedia.org/wikipedia/commons/thumb/b/b3/Olympiastadion_2_2020-08-12.jpg/250px-Olympiastadion_2_2020-08-12.jpg,Finland national football team,"[60.1666204, 24.9435408]"
288,Estádio Serra Dourada,42000,South America,Brazil,"Goiânia, Goiás",https://upload.wikimedia.org/wikipedia/commons/thumb/5/5f/Serra_Dourada_Lotado.jpg/250px-Serra_Dourada_Lotado.jpg,"Goiás Esporte Clube, Vila Nova, Atlético Goianiense","[-16.680882, -49.2532691]"
289,Estadio Deportivo Cali,42000,South America,Colombia,Cali,https://upload.wikimedia.org/wikipedia/commons/thumb/9/9b/SportingCali12.png/250px-SportingCali12.png,Deportivo Cali,"[3.4108435, -76.5812127]"
290,Estadio Modelo Alberto Spencer,42000,South America,Ecuador,Guayaquil,https://upload.wikimedia.org/wikipedia/commons/thumb/b/bf/Estadio_Modelo_Lleno_2007_-_panoramio.jpg/250px-Estadio_Modelo_Lleno_2007_-_panoramio.jpg,"Club Sport Patria, Club Deportivo Everest, Panamá Sporting Club, Rocafuerte Fútbol Club","[-2.2895167, -80.0983887]"
291,Estádio do Zimpeto,42000,Africa,Mozambique,Maputo,https://upload.wikimedia.org/wikipedia/commons/thumb/0/0a/No-image-available.png/480px-No-image-available.png,Mozambique national football team,"[-25.966213, 32.56745]"
292,Chengdu Sports Centre Stadium,42000,East Asia,China,"Chengdu, Sichuan",https://upload.wikimedia.org/wikipedia/commons/thumb/0/02/Chengdu_Sports_Center.JPG/250px-Chengdu_Sports_Center.JPG,,"[30.659867, 104.063315]"
293,Royal Bafokeng Stadium,42000,Africa,South Africa,"Phokeng, North West",https://upload.wikimedia.org/wikipedia/commons/thumb/6/67/Royal_Bafokeng_Stadium%2C_Phokeng.jpg/250px-Royal_Bafokeng_Stadium%2C_Phokeng.jpg,,"[-25.575404, 27.156484]"
294,Estadio Universitario,42000,North America,Mexico,San Nicolás de los Garza,https://upload.wikimedia.org/wikipedia/commons/thumb/0/07/Estadio_Universitario_Concachampions.jpg/250px-Estadio_Universitario_Concachampions.jpg,Tigres de la UANL,"[25.7558021, -100.289648]"
295,Estadio Brigadier General Estanislao López,42000,South America,Argentina,Santa Fe,https://upload.wikimedia.org/wikipedia/commons/thumb/5/59/Estadio_Brigadier_General_Estanislao_L%C3%B3pez_-_Col%C3%B3n_de_Santa_Fe.jpg/250px-Estadio_Brigadier_General_Estanislao_L%C3%B3pez_-_Col%C3%B3n_de_Santa_Fe.jpg,Club Atlético Colón,"[-30.3154739, -61.1645076]"
296,Estadio Marcelo Bielsa,42000,South America,Argentina,Rosario,https://upload.wikimedia.org/wikipedia/commons/thumb/2/23/Estadio_Marcelo_Bielsa.jpg/250px-Estadio_Marcelo_Bielsa.jpg,Newell's Old Boys,"[-32.9593609, -60.6617024]"
297,Stade Geoffroy-Guichard,41965,Europe,France,Saint-Étienne,https://upload.wikimedia.org/wikipedia/commons/thumb/9/99/St_Etienne_Stade_Geoffroy_Guichard.jpg/250px-St_Etienne_Stade_Geoffroy_Guichard.jpg,AS Saint-Étienne,"[45.4401467, 4.3873058]"
298,Vodafone Park,41903,Europe,Turkey,Istanbul,https://upload.wikimedia.org/wikipedia/commons/thumb/9/94/Vodafone_Park_Panorama.jpg/250px-Vodafone_Park_Panorama.jpg,Beşiktaş J.K.,"[41.006381, 28.9758715]"
299,Peter Mokaba Stadium,41733,Africa,South Africa,Polokwane,https://upload.wikimedia.org/wikipedia/commons/thumb/c/cd/Teams_are_warming_up_%284738980575%29.jpg/250px-Teams_are_warming_up_%284738980575%29.jpg,Polokwane City FC,"[-23.9058333, 29.4613889]"
300,Estadio Gigante de Arroyito,41654,South America,Argentina,Rosario,https://upload.wikimedia.org/wikipedia/commons/thumb/6/66/Estadio_Gigante_de_Arroyito.jpg/250px-Estadio_Gigante_de_Arroyito.jpg,Rosario Central,"[-32.9593609, -60.6617024]"
301,Estadio Cachamay,41600,South America,Venezuela,Ciudad Guayana,https://upload.wikimedia.org/wikipedia/en/thumb/a/a0/CTE_Chamay_Aereo_Cut.jpg/250px-CTE_Chamay_Aereo_Cut.jpg,"Atlético Club Mineros de Guayana, AC Minervén FC","[8.3223763, -62.6896622]"
302,Estadio de Liga Deportiva Universitaria,41596,South America,Ecuador,Quito,https://upload.wikimedia.org/wikipedia/commons/thumb/f/f6/Cl%C3%A1sico_Liga_de_Quito-Barcelona_de_Guayaquil.JPG/250px-Cl%C3%A1sico_Liga_de_Quito-Barcelona_de_Guayaquil.JPG,LDU,"[-0.2201641, -78.5123274]"
303,Allianz Stadium,41507,Europe,Italy,"Turin, Piedmont",https://upload.wikimedia.org/wikipedia/commons/thumb/0/0e/Juventus_Stadium_in_Turin_-_Champions_League_2013-14_-_Juventus_v_Real_Madrid.jpg/250px-Juventus_Stadium_in_Turin_-_Champions_League_2013-14_-_Juventus_v_Real_Madrid.jpg,Juventus FC,"[45.0677551, 7.6824892]"
304,Sapporo Dome,41484,East Asia,Japan,"Sapporo, Hokkaido",https://upload.wikimedia.org/wikipedia/commons/thumb/f/f1/Sapporo_Dome_001.jpeg/250px-Sapporo_Dome_001.jpeg,Hokkaido Consadole Sapporo,"[43.061936, 141.3542924]"
305,Stamford Bridge,41663,Europe,England,London,https://upload.wikimedia.org/wikipedia/commons/thumb/b/b1/Stamford_Bridge%2C_Chelsea_vs_Nottingham_Forest%2C_5_January_2020.jpg/250px-Stamford_Bridge%2C_Chelsea_vs_Nottingham_Forest%2C_5_January_2020.jpg,Chelsea,"[51.5074456, -0.1277653]"
306,Goyang Stadium,41311,East Asia,South Korea,Goyang,https://upload.wikimedia.org/wikipedia/commons/thumb/e/e1/Goyang_sta_1.JPG/250px-Goyang_sta_1.JPG,,"[37.6581862, 126.8319452]"
307,Estadio Hernando Siles,41143,South America,Bolivia,La Paz,https://upload.wikimedia.org/wikipedia/commons/thumb/9/9d/Hernando_Siles_Stadium_-_La_Paz.jpg/250px-Hernando_Siles_Stadium_-_La_Paz.jpg,"La Paz FC, Club Bolívar, The Strongest","[-16.4955455, -68.1336229]"
308,Bingu National Stadium,41100,Africa,Malawi,Lilongwe,https://upload.wikimedia.org/wikipedia/commons/thumb/0/0a/No-image-available.png/480px-No-image-available.png,"Flames, Big Bullets FC","[-13.9875107, 33.768144]"
309,Mbombela Stadium,40929,Africa,South Africa,"Nelspruit, Mpumalanga",https://upload.wikimedia.org/wikipedia/commons/thumb/2/26/Mbombela_Stadium_arena.jpg/250px-Mbombela_Stadium_arena.jpg,,"[-25.4729094, 30.9772719]"
310,Estadio José Pachencho Romero,40800,South America,Venezuela,Maracaibo,https://upload.wikimedia.org/wikipedia/commons/thumb/3/38/JPPachenchoRomero-16.jpg/250px-JPPachenchoRomero-16.jpg,"Deportivo JBL del Zulia, Deportivo Rayo Zuliano","[10.6498095, -71.6443596]"
311,Stade Nelson Mandela,40784,Africa,Algeria,Algiers,https://upload.wikimedia.org/wikipedia/commons/thumb/1/12/Nelson_Mandela_Stadium.jpg/250px-Nelson_Mandela_Stadium.jpg,Algeria national football team,"[36.7729333, 3.0588445]"
312,Kashima Football Stadium,40728,East Asia,Japan,"Kashima, Ibaraki",https://upload.wikimedia.org/wikipedia/commons/thumb/b/bc/Kashima_Soccer_Stadium_5.jpg/250px-Kashima_Soccer_Stadium_5.jpg,Kashima Antlers,"[35.9661164, 140.6450292]"
313,Baba Yara Stadium,40528,Africa,Ghana,Kumasi,https://upload.wikimedia.org/wikipedia/commons/thumb/a/a3/Kumasi924.JPG/250px-Kumasi924.JPG,"Asante Kotoko, King Faisal Babes","[6.6985605, -1.6233086]"
314,Estádio Major Antônio Couto Pereira,40502,South America,Brazil,"Curitiba, Paraná",https://upload.wikimedia.org/wikipedia/commons/thumb/7/72/Est%C3%A1dio_Couto_Pereira.jpg/250px-Est%C3%A1dio_Couto_Pereira.jpg,Coritiba Foot Ball Club,"[-25.4295963, -49.2712724]"
315,Stage Front Stadium,40500,Europe,Spain,Barcelona,https://upload.wikimedia.org/wikipedia/commons/thumb/b/b6/Estadicornellaelprat_1.jpg/250px-Estadicornellaelprat_1.jpg,RCD Espanyol,"[41.3825802, 2.177073]"
316,Estadio Metropolitano de fútbol de Lara,40312,South America,Venezuela,Barquisimeto,https://upload.wikimedia.org/wikipedia/commons/thumb/1/15/Estadio_Metropolitano_de_Lara.jpg/250px-Estadio_Metropolitano_de_Lara.jpg,Unión Lara,"[10.0774374, -69.3222293]"
317,Estadio Malvinas Argentinas,40268,South America,Argentina,Mendoza,https://upload.wikimedia.org/wikipedia/commons/thumb/0/0a/No-image-available.png/480px-No-image-available.png,Godoy Cruz Antonio Tomba,"[-34.5970325, -68.7304797]"
318,Stadion Lukas Enembe,40263,Southeast Asia,Indonesia,Nolokla,https://upload.wikimedia.org/wikipedia/commons/thumb/8/87/Lukas_Enembe_Stadium.jpg/250px-Lukas_Enembe_Stadium.jpg,Persipura Jayapura,"[-2.5833851, 140.5745105]"
319,Gwangju World Cup Stadium,40245,East Asia,South Korea,Gwangju,https://upload.wikimedia.org/wikipedia/commons/thumb/7/73/Gwangju_World_Cup_Stadium.jpg/250px-Gwangju_World_Cup_Stadium.jpg,Gwangju FC,"[35.1594647, 126.8515034]"
320,Sân vận động Quốc gia Mỹ Đình,40192,Southeast Asia,Vietnam,Hanoi,https://upload.wikimedia.org/wikipedia/commons/thumb/3/39/Kh%C3%A1n_%C4%91%C3%A0i_B_-_S%C3%A2n_v%E1%BA%ADn_%C4%91%E1%BB%99ng_Qu%E1%BB%91c_gia_M%E1%BB%B9_%C4%90%C3%ACnh.jpg/250px-Kh%C3%A1n_%C4%91%C3%A0i_B_-_S%C3%A2n_v%E1%BA%ADn_%C4%91%E1%BB%99ng_Qu%E1%BB%91c_gia_M%E1%BB%B9_%C4%90%C3%ACnh.jpg,Vietnam national football team,"[21.0283334, 105.854041]"
321,Goodison Park,40157,Europe,England,"Liverpool, North West",https://upload.wikimedia.org/wikipedia/commons/thumb/b/b9/Goodison_Park_August_2022.jpg/250px-Goodison_Park_August_2022.jpg,Everton FC Women,"[53.5635292, -0.0960303]"
322,Estádio Governador João Castelo,40149,South America,Brazil,"São Luís, Maranhão",https://upload.wikimedia.org/wikipedia/commons/thumb/d/d0/Est%C3%A1dio_Castel%C3%A3o_em_S%C3%A3o_Lu%C3%ADs%2C_Maranh%C3%A3o%2C_Brasil.jpg/250px-Est%C3%A1dio_Castel%C3%A3o_em_S%C3%A3o_Lu%C3%ADs%2C_Maranh%C3%A3o%2C_Brasil.jpg,"Sampaio Corrêa FC, Moto Club SL, Maranhão AC","[-2.5295265, -44.2963942]"
323,Miloud Hadefi Stadium,40143,Africa,Algeria,Oran,https://upload.wikimedia.org/wikipedia/commons/thumb/e/e5/Stade_de_Oran.jpg/250px-Stade_de_Oran.jpg,"Algeria national football team, MC Oran","[35.7044415, -0.6502981]"
324,Estadio Campeón del Siglo,40005,South America,Uruguay,Montevideo,https://upload.wikimedia.org/wikipedia/commons/thumb/8/87/Estadio_Campe%C3%B3n_del_Siglo_setiembre_2021.jpg/250px-Estadio_Campe%C3%B3n_del_Siglo_setiembre_2021.jpg,Club Atlético Peñarol,"[-34.9058916, -56.1913095]"
325,Metalist Stadium,40003,Europe,Ukraine,Kharkiv,https://upload.wikimedia.org/wikipedia/commons/thumb/8/84/Metalist_Stadium_Kharkiv.jpg/250px-Metalist_Stadium_Kharkiv.jpg,"FC Metalist Kharkiv, FC Shakhtar Donetsk","[49.9923181, 36.2310146]"
326,Anoeta Stadium,40000,Europe,Spain,San Sebastián,https://upload.wikimedia.org/wikipedia/commons/thumb/0/09/Reale_Arena_Interior.png/250px-Reale_Arena_Interior.png,Real Sociedad,"[43.3224219, -1.9838889]"
327,Al-Janoub Stadium,40000,West Asia,Qatar,Al-Wakrah,https://upload.wikimedia.org/wikipedia/commons/thumb/5/57/Visita_ao_est%C3%A1dio_de_futebol_Al_Janoub_1.jpg/250px-Visita_ao_est%C3%A1dio_de_futebol_Al_Janoub_1.jpg,,"[25.1566623, 51.6013212]"
328,Al-Thumama Stadium,40000,West Asia,Qatar,Al-Thumama,https://upload.wikimedia.org/wikipedia/en/thumb/d/d6/Al_Thumama_Stadium_%282%29.jpg/250px-Al_Thumama_Stadium_%282%29.jpg,,"[25.234937, 51.5614654]"
329,Ahmed Zabana Stadium,40000,Africa,Algeria,Oran,https://upload.wikimedia.org/wikipedia/commons/thumb/6/6a/Stade_Ahmed_Zabana_2.jpg/250px-Stade_Ahmed_Zabana_2.jpg,MC Oran,"[35.7044415, -0.6502981]"
330,Stadion Batakan,40000,Southeast Asia,Indonesia,"Balikpapan, East Kalimantan",https://upload.wikimedia.org/wikipedia/commons/thumb/d/d8/2017-11-14_Batakan.jpg/250px-2017-11-14_Batakan.jpg,Persiba Balikpapan,"[-1.2398711, 116.8593379]"
331,Ali La Pointe Stadium,40000,Africa,Algeria,Algiers,https://upload.wikimedia.org/wikipedia/commons/thumb/3/35/Stade_ali_la_pointe_douera.jpg/250px-Stade_ali_la_pointe_douera.jpg,MC Alger,"[36.7729333, 3.0588445]"
332,Stadion Gelora Joko Samudro,40000,Southeast Asia,Indonesia,"Gresik, East Java",https://upload.wikimedia.org/wikipedia/commons/thumb/4/48/Gelora_Joko_Samudro_Stadium_%282016%29.jpg/250px-Gelora_Joko_Samudro_Stadium_%282016%29.jpg,Gresik United,"[-5.7933465, 112.6598223]"
333,Fisht Olympic Stadium,40000,Europe,Russia,Sochi,https://upload.wikimedia.org/wikipedia/commons/thumb/e/e4/2017_Confederation_Cup_-_MEXNZL_-_Fisht.jpg/250px-2017_Confederation_Cup_-_MEXNZL_-_Fisht.jpg,,"[43.5854823, 39.723109]"
334,Rentschler Field,40000,North America,United States,"East Hartford, Connecticut",https://upload.wikimedia.org/wikipedia/commons/thumb/c/cc/Rentschler_Field_2017.jpg/250px-Rentschler_Field_2017.jpg,,"[41.767914, -72.644512]"
335,Jawaharlal Nehru Stadium,40000,South Asia,India,Kochi,https://upload.wikimedia.org/wikipedia/commons/thumb/8/83/Jawaharlal_Nehru_Stadium_%28Kochi%29_in_2022.jpg/250px-Jawaharlal_Nehru_Stadium_%28Kochi%29_in_2022.jpg,"Kerala Blasters, India national football team","[9.9679032, 76.2444378]"
336,Hang Jebat Stadium,40000,Southeast Asia,Malaysia,Malacca,https://upload.wikimedia.org/wikipedia/commons/thumb/2/20/Stadium_Hang_Jebat_015342.jpg/250px-Stadium_Hang_Jebat_015342.jpg,Melaka United,"[2.3293744, 102.2880962]"
337,Hong Kong Stadium,40000,East Asia,Hong Kong,So Kon Po,https://upload.wikimedia.org/wikipedia/commons/thumb/d/db/Hong_Kong_Stadium-1.jpg/250px-Hong_Kong_Stadium-1.jpg,South China AA,"[22.2739671, 114.1886793]"
338,Stadium Negeri Pulau Pinang,40000,Southeast Asia,Malaysia,Batu Kawan,https://upload.wikimedia.org/wikipedia/commons/thumb/9/94/Batu_Kawan_Stadium%2CPenang.jpg/250px-Batu_Kawan_Stadium%2CPenang.jpg,Penang FA,"[5.2625962, 100.4304555]"
339,Accra Sports Stadium,40000,Africa,Ghana,Accra,https://upload.wikimedia.org/wikipedia/commons/thumb/0/0a/No-image-available.png/480px-No-image-available.png,"Accra Hearts of Oak SC, Great Olympics","[5.5571096, -0.2012376]"
340,Sarawak Stadium,40000,Southeast Asia,Malaysia,Kuching,https://upload.wikimedia.org/wikipedia/commons/thumb/0/07/Stadium_Sarawak.JPG/250px-Stadium_Sarawak.JPG,Sarawak FA,"[1.5597561, 110.345397]"
341,Bogyoke Aung San Stadium,40000,Southeast Asia,Myanmar,Yangon,https://upload.wikimedia.org/wikipedia/commons/thumb/1/17/Aungsan_Stadium.jpg/250px-Aungsan_Stadium.jpg,Yangon United FC,"[16.7967129, 96.1609916]"
342,Resonac Dome Ōita,40000,East Asia,Japan,Ōita,https://upload.wikimedia.org/wikipedia/commons/thumb/1/17/%C5%8Cita_Stadium_2023-03.jpg/250px-%C5%8Cita_Stadium_2023-03.jpg,Ōita Trinita,"[33.1819875, 131.4270217]"
343,Stadium Darul Makmur,40000,Southeast Asia,Malaysia,Kuantan,https://upload.wikimedia.org/wikipedia/commons/thumb/d/d9/Stadium_Pahang.jpg/250px-Stadium_Pahang.jpg,Pahang FA,"[3.7985637, 103.32199]"
344,Khalifa International Stadium,40000,West Asia,Qatar,Doha,https://upload.wikimedia.org/wikipedia/en/thumb/1/16/Khalifa_International_Stadium.jpg/250px-Khalifa_International_Stadium.jpg,Qatar national football team,"[25.2856329, 51.5264162]"
345,Stade de l’Amitié sino-gabonaise,40000,Africa,Gabon,Libreville,https://upload.wikimedia.org/wikipedia/commons/thumb/0/0a/No-image-available.png/480px-No-image-available.png,Gabon national football team,"[0.4086518, 9.4418849]"
346,Peoples Football Stadium,40000,South Asia,Pakistan,Karachi,https://upload.wikimedia.org/wikipedia/commons/thumb/0/0a/No-image-available.png/480px-No-image-available.png,Pakistan national football team,"[24.8546842, 67.0207055]"
347,JRD Tata Sports Complex Stadium,40000,South Asia,India,Jamshedpur,https://upload.wikimedia.org/wikipedia/commons/thumb/4/4e/J.R.D._Tata_Stadium.jpg/250px-J.R.D._Tata_Stadium.jpg,"Jamshedpur FC, Tata Football Academy","[22.8015194, 86.2029579]"
348,Bao'an Stadium,40000,East Asia,China,"Shenzhen, Guangdong",https://upload.wikimedia.org/wikipedia/commons/thumb/9/91/Bao%27an_Stadium.jpg/250px-Bao%27an_Stadium.jpg,,"[22.5445741, 114.0545429]"
349,Kunming Tuodong Sports Centre Stadium,40000,East Asia,China,"Kunming, Yunnan",https://upload.wikimedia.org/wikipedia/commons/thumb/7/79/Kunming_07.JPG/250px-Kunming_07.JPG,China national football team,"[25.0363006, 102.7086139]"
350,Taizhou Sports Centre Stadium,40000,East Asia,China,"Taizhou, Zhejiang",https://upload.wikimedia.org/wikipedia/commons/thumb/0/0a/No-image-available.png/480px-No-image-available.png,,"[28.6581723, 121.4163876]"
351,Wuhu Olympic Stadium,40000,East Asia,China,"Wuhu, Anhui",https://upload.wikimedia.org/wikipedia/commons/thumb/0/0a/No-image-available.png/480px-No-image-available.png,,"[31.1800568, 118.2141777]"
352,Huizhou Olympic Stadium,40000,East Asia,China,"Huizhou, Guangdong",https://upload.wikimedia.org/wikipedia/commons/thumb/0/0a/No-image-available.png/480px-No-image-available.png,,"[23.1125153, 114.4127007]"
